symbol,ranking by market cap,name,market cap,price,circulating supply,volume,% 1h,% 24h,% 1wk
BTC,1,Bitcoin,"$44,839,780,591 ",$2719.86,"16,486,062","$821,574,000",-0.52%,-0.16%,4.49%
ETH,2,Ethereum,"$21,047,145,800 ",$224.48,"93,757,888","$556,679,000",-0.30%,0.58%,10.45%
BCH,3,Bitcoin Cash,"$6,996,156,644 ",$424.46,"16,482,488","$272,437,000",5.51%,0.64%,5.72%
XRP,4,Ripple,"$6,670,026,327 ",$0.173953,"38,343,841,883",*,"$30,788,100",-0.69%,-0.58%
LTC,5,Litecoin,"$2,242,816,912 ",$42.88,"52,299,132","$93,752,200",-0.18%,0.74%,2.33%
XEM,6,NEM,"$2,037,870,000 ",$0.226430,"8,999,999,999",*,"$13,714,500",2.10%,5.08%
ETC,7,Ethereum Classic,"$1,435,382,997 ",$15.24,"94,183,382","$69,455,200",-0.10%,2.72%,3.94%
DASH,8,Dash,"$1,396,595,502 ",$187.07,"7,465,511","$23,889,200",-0.51%,1.93%,-3.54%
MIOTA,9,IOTA,"$912,953,399 ",$0.328456,"2,779,530,283",*,"$7,635,540",-0.94%,16.56%
XMR,10,Monero,"$650,998,245 ",$43.75,"14,881,150","$7,569,890",-0.05%,-0.96%,-1.95%
STRAT,11,Stratis,"$564,365,517 ",$5.73,"98,488,812",*,"$8,190,080",-0.86%,2.63%
ANS,12,NEO,"$490,089,500 ",$9.80,"50,000,000",*,"$34,590,400",3.29%,19.83%
EOS,13,EOS,"$466,616,193 ",$1.80,"259,587,430",*,"$24,896,600",-0.18%,0.14%
QTUM,14,Qtum,"$444,616,330 ",$7.54,"59,000,000",*,"$27,709,800",0.15%,16.72%
BCC,15,BitConnect,"$430,521,756 ",$67.74,"6,355,794","$4,224,330",0.51%,2.08%,6.06%
WAVES,16,Waves,"$378,002,000 ",$3.78,"100,000,000",*,"$4,649,160",-3.74%,7.92%
BTS,17,BitShares,"$361,766,436 ",$0.139277,"2,597,460,000",*,"$27,292,300",0.45%,-0.97%
ZEC,18,Zcash,"$349,830,775 ",$185.91,"1,881,731","$17,334,900",-0.26%,-3.80%,-0.42%
VERI,19,Veritaseum,"$325,669,309 ",$162.32,"2,006,279",*,"$1,094,910",-2.52%,-15.50%
USDT,20,Tether,"$310,414,583 ",$0.971560,"319,501,197",*,"$54,132,900",-0.51%,-2.91%
STEEM,21,Steem,"$298,437,315 ",$1.25,"238,593,334","$774,907",-0.88%,-1.51%,-2.86%
ICN,548,iCoin,"$167,793 ",$0.005818,"28,839,038",Low Vol,-1.12%,1.57%,-61.09%
SC,23,Siacoin,"$254,148,095 ",$0.008984,"28,289,944,922","$4,895,380",-0.11%,1.95%,6.34%
GNT,24,Golem,"$244,863,925 ",$0.293943,"833,032,000",*,"$4,134,180",1.10%,15.57%
GBYTE,25,Byteball,"$230,967,858 ",$631.23,"365,903",*,"$2,975,630",0.82%,15.16%
LSK,26,Lisk,"$230,168,766 ",$2.08,"110,444,605",*,"$3,644,070",0.39%,-1.72%
GNO,27,Gnosis,"$220,562,322 ",$199.68,"1,104,590",*,"$647,516",0.43%,-0.55%
BCN,28,Bytecoin,"$219,890,697 ",$0.001200,"183,202,553,949","$1,071,630",0.53%,-5.45%,-6.37%
XLM,29,Stellar Lumens,"$202,087,841 ",$0.018637,"10,843,309,341",*,"$3,650,180",-0.25%,-0.98%
DOGE,30,Dogecoin,"$197,772,791 ",$0.001790,"110,492,530,765","$3,130,590",0.13%,-0.29%,-1.64%
REP,31,Augur,"$193,809,000 ",$17.62,"11,000,000",*,"$2,199,470",-0.58%,-2.84%
GAME,32,GameCredits,"$190,757,716 ",$2.99,"63,705,672","$1,404,330",-0.36%,31.86%,42.50%
SNT,33,Status,"$190,454,945 ",$0.054878,"3,470,483,788",*,"$14,614,500",-0.35%,0.19%
OMG,34,OmiseGo,"$187,467,266 ",$1.91,"98,312,024",*,"$16,124,600",0.03%,42.20%
FCT,35,Factom,"$168,471,455 ",$19.25,"8,753,219",*,"$1,548,330",0.02%,-2.39%
DGB,36,DigiByte,"$168,158,123 ",$0.019235,"8,742,253,657","$5,594,930",-0.55%,0.33%,15.50%
NXT,37,Nxt,"$166,709,121 ",$0.166876,"998,999,983",*,"$21,337,900",1.94%,-9.59%
DCR,38,Decred,"$157,387,754 ",$28.81,"5,462,103","$612,590",-0.62%,-1.95%,15.08%
MAID,39,MaidSafeCoin,"$152,414,674 ",$0.336789,"452,552,412",*,"$1,526,720",-0.57%,0.58%
ARDR,40,Ardor,"$144,629,153 ",$0.144774,"998,999,495",*,"$2,346,330",-0.60%,-6.40%
DGD,41,DigixDAO,"$141,396,000 ",$70.70,"2,000,000",*,"$278,754",0.98%,1.28%
PPT,42,Populous,"$135,725,590 ",$3.67,"37,004,027",*,"$388,338",0.28%,5.34%
BAT,907,BatCoin,? ,$0.000001,?,Low Vol,-0.45%,-23.63%,-24.81%
MCAP,44,MCAP,"$120,686,207 ",$2.16,"55,832,920",*,"$496,108",-0.95%,9.56%
PIVX,45,PIVX,"$107,004,480 ",$1.98,"53,979,418",*,"$550,303",-0.71%,1.91%
PAY,46,TenX,"$104,739,806 ",$1.00,"104,661,310",*,"$2,101,740",-0.02%,9.03%
KMD,47,Komodo,"$101,033,333 ",$1.00,"100,945,510","$236,809",1.22%,4.12%,8.93%
MGO,48,MobileGo,"$90,358,187 ",$0.941979,"95,923,781",*,"$233,535",2.18%,10.84%
BNT,49,Bancor,"$81,705,571 ",$2.00,"40,772,871",*,"$1,620,150",-0.54%,0.46%
MTL,50,Metal,"$72,226,829 ",$3.74,"19,300,994",*,"$447,538",1.49%,2.94%
1ST,51,FirstBlood,"$71,227,429 ",$0.832501,"85,558,371",*,"$5,968,650",8.37%,12.59%
SNGLS,52,SingularDTV,"$66,266,400 ",$0.110444,"600,000,000",*,"$360,980",-0.04%,3.12%
SYS,53,SysCoin,"$66,229,793 ",$0.125776,"526,569,404","$718,657",-0.96%,-3.63%,16.94%
BDL,54,Bitdeal,"$65,501,100 ",$0.218337,"300,000,000","$13,010",15.59%,73.97%,-15.55%
LKK,55,Lykke,"$63,807,803 ",$0.253101,"252,104,112",*,"$293,867",-0.13%,1.32%
ANT,56,Aragon,"$61,676,235 ",$1.84,"33,605,167",*,"$319,407",0.33%,8.40%
ARK,57,Ark,"$60,226,213 ",$0.623116,"96,653,292",*,"$420,817",-3.73%,9.13%
CVC,58,Civic,"$58,826,460 ",$0.173019,"340,000,000",*,"$844,947",-0.73%,6.11%
BTCD,59,BitcoinDark,"$54,942,391 ",$42.63,"1,288,862","$96,405",0.47%,-2.40%,-0.80%
ETP,60,Metaverse Ent...,"$54,388,934 ",$2.41,"22,600,000","$257,897",0.72%,-0.25%,2.85%
FUN,61,FunFair,"$50,785,348 ",$0.013227,"3,839,463,249",*,"$297,834",0.61%,5.23%
UBQ,62,Ubiq,"$47,619,801 ",$1.27,"37,594,481","$208,302",-2.40%,7.06%,10.40%
DCT,63,DECENT,"$46,937,478 ",$0.914852,"51,306,089",*,"$627,324",-0.73%,5.20%
BLOCK,64,Blocknet,"$46,601,385 ",$11.76,"3,961,389",*,"$322,082",-2.89%,14.49%
NXS,65,Nexus,"$45,753,325 ",$0.889781,"51,420,883","$140,650",-0.01%,1.40%,2.59%
PPC,66,Peercoin,"$45,423,725 ",$1.87,"24,250,431","$466,378",-2.61%,3.35%,6.72%
LEO,67,LEOcoin,"$42,893,775 ",$0.489448,"87,637,042",**,"$317,228",0.21%,1.98%
PART,68,Particl,"$42,786,121 ",$5.59,"7,657,088",*,"$72,721",-2.79%,1.69%
XVG,69,Verge,"$39,566,257 ",$0.002951,"13,409,472,280","$766,411",-0.54%,-1.14%,1.74%
EMC,70,Emercoin,"$39,125,820 ",$0.966922,"40,464,298","$166,119",0.89%,0.98%,0.09%
XAS,71,Asch,"$39,040,125 ",$0.520535,"75,000,000","$1,486,050",0.44%,0.76%,2.73%
EDG,72,Edgeless,"$38,051,017 ",$0.463775,"82,046,288",*,"$350,388",1.42%,1.00%
XEL,73,Elastic,"$35,353,470 ",$0.424965,"83,191,487",*,"$1,878,190",1.02%,38.29%
RLC,74,iExec RLC,"$34,630,556 ",$0.437969,"79,070,793",*,"$149,643",-0.05%,8.65%
ROUND,75,Round,"$34,055,590 ",$0.040065,"850,000,000",*,"$230,308",0.80%,3.99%
LBC,76,LBRY Credits,"$33,342,046 ",$0.486571,"68,524,524","$1,776,360",0.66%,-6.02%,25.23%
WINGS,77,Wings,"$33,207,244 ",$0.370169,"89,708,333",*,"$369,298",-2.01%,10.55%
NMR,78,Numeraire,"$32,958,835 ",$26.95,"1,222,826",*,"$284,252",-1.40%,0.36%
DICE,79,Etheroll,"$32,269,218 ",$4.61,"7,001,623",*,"$421,895",-0.32%,4.95%
VSL,80,vSlice,"$32,159,689 ",$0.963139,"33,390,496",*,"$278,281",-0.69%,16.67%
RDD,81,ReddCoin,"$31,531,099 ",$0.001103,"28,579,934,765",*,"$584,515",1.49%,0.55%
PPY,82,Peerplays,"$29,619,577 ",$8.00,"3,703,730",*,"$2,202",-12.22%,-20.23%
STORJ,83,Storj,"$28,778,142 ",$0.410196,"70,157,051",*,"$227,552",-1.58%,-1.25%
MLN,84,Melon,"$28,682,968 ",$47.85,"599,400",*,"$214,324",-0.17%,3.65%
XAUR,85,Xaurum,"$27,839,801 ",$0.219020,"127,110,771",*,"$178,248",-1.63%,4.78%
NMC,86,Namecoin,"$26,950,960 ",$1.83,"14,736,400","$80,763",-0.93%,-4.91%,4.24%
VIA,87,Viacoin,"$26,900,786 ",$1.18,"22,775,852","$285,758",0.74%,5.27%,33.03%
PLR,88,Pillar,"$26,722,976 ",$0.047720,"560,000,000",*,"$60,546",-3.15%,-8.41%
HMQ,89,Humaniq,"$26,548,212 ",$0.163014,"162,858,477",*,"$274,664",-1.71%,6.78%
NLG,90,Gulden,"$26,404,992 ",$0.075399,"350,203,945","$39,338",-0.75%,-2.06%,-1.89%
XCP,91,Counterparty,"$26,070,301 ",$9.96,"2,618,186",*,"$318,129",1.38%,8.47%
MONA,92,MonaCoin,"$25,932,550 ",$0.489525,"52,974,925","$63,324",0.59%,1.83%,0.46%
EDR,93,E-Dinar Coin,"$25,386,517 ",$0.028646,"886,211,988","$240,658",0.26%,12.51%,13.63%
FAIR,94,FairCoin,"$24,938,758 ",$0.468828,"53,193,831",*,"$132,199",-4.02%,46.68%
BAY,95,BitBay,"$24,015,271 ",$0.023833,"1,007,643,598",*,"$54,660",-2.36%,2.92%
TAAS,96,TaaS,"$22,573,464 ",$2.77,"8,146,001",*,"$380,353",-0.25%,2.44%
MYST,97,Mysterium,"$22,456,455 ",$1.16,"19,429,024",*,"$332,374",-0.66%,26.86%
XZC,98,ZCoin,"$21,823,741 ",$8.12,"2,687,613","$419,327",1.16%,8.89%,15.17%
ION,99,ION,"$21,445,741 ",$1.41,"15,249,654",*,"$62,984",3.29%,21.32%
AMP,100,Synereo,"$20,901,825 ",$0.254106,"82,256,324",*,"$209,706",-0.27%,-1.06%
SAFEX,101,Safe Exchange...,"$20,738,679 ",$0.009657,"2,147,483,647",*,"$845,683",2.08%,29.46%
VTC,102,Vertcoin,"$20,293,664 ",$0.530733,"38,237,050","$800,629",-0.40%,2.26%,6.11%
SKY,103,Skycoin,"$20,186,224 ",$3.47,"5,820,526",*,"$17,342",-0.55%,-8.79%
CLOAK,104,CloakCoin,"$19,805,166 ",$3.90,"5,071,953",*,"$154,192",-0.02%,12.10%
BLK,105,BlackCoin,"$19,726,773 ",$0.258578,"76,289,447",*,"$480,184",-0.07%,0.29%
POT,106,PotCoin,"$19,709,601 ",$0.090618,"217,501,809","$169,480",-1.20%,-1.53%,-9.36%
XDN,107,DigitalNote,"$19,630,467 ",$0.002851,"6,884,887,581","$826,135",-0.08%,-3.77%,27.00%
SIB,108,SIBCoin,"$19,514,009 ",$1.29,"15,144,514","$77,814",-0.01%,5.54%,-6.57%
OMNI,109,Omni,"$18,328,674 ",$32.76,"559,449",*,"$141,424",-2.03%,-1.95%
XRL,110,Rialto,"$17,984,324 ",$0.236631,"76,001,556",*,"$9,581",-0.41%,9.68%
UNITY,111,SuperNET,"$17,618,018 ",$21.59,"816,061",*,$842,2.55%,-23.27%
QRL,112,Quantum Resis...,"$17,412,668 ",$0.334859,"52,000,000",*,"$217,877",0.67%,2.84%
ADT,822,The Aladin,? ,$0.000886,?,*,"$18,116",-0.16%,-0.53%
YBC,114,YbCoin,"$17,020,017 ",$5.63,"3,020,470",*,"$150,145",0.62%,0.53%
IOC,115,I/O Coin,"$16,610,810 ",$1.02,"16,353,730",*,"$41,081",-3.10%,9.44%
COE,116,CoEval,"$16,296,396 ",$381.02,"42,770",*,"$383,365",2.27%,52.53%
EAC,117,EarthCoin,"$16,270,986 ",$0.001447,"11,246,188,513","$1,678,030",-0.11%,-4.24%,6.76%
BURST,118,Burst,"$15,919,027 ",$0.008812,"1,806,486,186","$475,992",0.01%,-3.32%,1.50%
NAV,119,NAV Coin,"$15,718,046 ",$0.255253,"61,578,299",*,"$59,310",0.06%,-0.20%
QAU,120,Quantum,"$15,622,476 ",$0.191619,"81,528,846",*,"$85,457",0.12%,-1.95%
ECOB,121,Ecobit,"$15,451,067 ",$0.034765,"444,444,444",*,"$13,645",-0.21%,1.72%
PLBT,122,Polybius,"$15,299,914 ",$4.06,"3,772,587",*,"$28,047",0.16%,-1.85%
EXP,123,Expanse,"$15,213,266 ",$1.96,"7,749,653","$171,343",0.85%,2.48%,9.94%
FRST,124,FirstCoin,"$15,179,621 ",$3.35,"4,528,999","$50,786",0.67%,4.40%,1.50%
GOLOS,125,Golos,"$14,760,220 ",$0.118538,"124,518,891","$208,656",-0.15%,3.78%,-14.29%
OBITS,126,OBITS,"$14,694,533 ",$0.918839,"15,992,500",*,"$10,492",0.48%,-1.07%
TKN,127,TokenCard,"$14,635,269 ",$0.618983,"23,644,056",*,"$121,482",0.45%,4.04%
DTB,128,Databits,"$14,176,116 ",$0.623186,"22,747,809",*,"$30,716",-2.56%,4.81%
CRW,129,Crown,"$14,034,743 ",$0.956401,"14,674,538","$21,966",-0.13%,0.57%,20.66%
TRST,130,WeTrust,"$13,901,648 ",$0.150863,"92,147,500",*,"$138,196",-0.16%,4.40%
SNM,131,SONM,"$13,475,881 ",$0.040668,"331,360,000",*,"$161,512",-0.63%,11.14%
WGR,132,Wagerr,"$13,292,077 ",$0.072634,"183,000,000",*,"$22,994",1.48%,-5.55%
VOX,133,Voxels,"$13,172,082 ",$0.062724,"210,000,000",*,"$206,776",-1.24%,-0.57%
RADS,134,Radium,"$13,152,903 ",$3.97,"3,311,422",*,"$55,731",-0.36%,-1.84%
GRC,135,GridCoin,"$13,130,941 ",$0.033642,"390,312,753","$77,424",0.57%,4.74%,0.10%
NEOS,136,NeosCoin,"$12,862,496 ",$3.75,"3,431,060","$144,406",-1.45%,14.53%,12.31%
WCT,137,Waves Communi...,"$12,861,450 ",$1.61,"7,997,270",*,"$10,556",-3.68%,4.46%
MOON,138,Mooncoin,"$12,749,357 ",$0.000057,"222,197,456,453","$6,391",12.77%,17.75%,8.35%
SOAR,139,Soarcoin,"$12,587,108 ",$0.019339,"650,876,638",*,"$12,220",-0.18%,-28.59%
SAN,140,Santiment Net...,"$12,508,943 ",$0.213020,"58,721,917",*,"$426,899",-1.58%,9.06%
MUE,141,MonetaryUnit,"$12,389,259 ",$0.098359,"125,959,328","$136,756",-1.62%,5.09%,17.96%
UNY,142,Unity Ingot,"$12,251,542 ",$0.060651,"202,000,000",*,"$47,230",-0.18%,8.36%
AGRS,143,Agoras Tokens,"$12,116,454 ",$0.288487,"42,000,000",*,"$30,945",-0.55%,-2.18%
CFI,144,Cofound.it,"$11,855,238 ",$0.094842,"125,000,000",*,"$247,464",0.29%,-0.07%
EB3,145,EB3 Coin,"$11,562,449 ",$0.302909,"38,171,362","$122,319",-0.19%,9.54%,-7.97%
NXC,146,Nexium,"$11,456,614 ",$0.172224,"66,521,586",*,"$180,155",-0.73%,-6.58%
PLU,147,Pluton,"$11,239,883 ",$13.22,"850,000",*,"$116,555",-1.28%,4.37%
TIME,148,Chronobank,"$10,892,775 ",$15.34,"710,113",*,"$494,962",0.52%,3.45%
SHIFT,149,Shift,"$10,823,579 ",$0.980411,"11,039,839",*,"$189,268",4.00%,25.27%
PTOY,150,Patientory,"$10,787,280 ",$0.154104,"70,000,000",*,"$222,792",0.43%,3.73%
ECN,151,E-coin,"$10,714,248 ",$3.08,"3,473,217","$164,190",-0.23%,0.22%,-6.34%
BCAP,152,BCAP,"$10,619,900 ",$1.06,"10,000,000",*,"$131,254",-0.56%,-8.07%
IFC,153,Infinitecoin,"$10,384,326 ",$0.000115,"90,596,274,910","$1,011,540",0.61%,-0.99%,0.74%
BNB,154,Binance Coin,"$10,360,500 ",$0.103605,"100,000,000",*,"$241,969",3.61%,2.78%
ENRG,155,Energycoin,"$10,275,766 ",$0.084848,"121,108,645","$5,960",-0.55%,4.96%,-15.94%
EMC2,156,Einsteinium,"$10,161,595 ",$0.047867,"212,286,335","$424,543",8.72%,10.08%,-19.12%
BASH,157,LuckChain,"$10,051,024 ",$0.014331,"701,333,744","$63,659",-0.82%,-0.93%,3.84%
WDC,158,WorldCoin,"$9,841,058 ",$0.085597,"114,969,656","$1,098,120",-1.46%,4.32%,9.47%
SLS,159,SaluS,"$9,665,283 ",$9.63,"1,003,990",*,"$11,625",0.45%,-0.88%
BCY,160,Bitcrystals,"$9,590,552 ",$0.412525,"23,248,415",*,"$533,312",-2.22%,8.68%
SPR,161,SpreadCoin,"$9,398,425 ",$1.10,"8,506,286","$32,935",-0.50%,-0.11%,-11.32%
FTC,162,Feathercoin,"$9,383,355 ",$0.055218,"169,932,600","$1,394,950",-0.34%,16.92%,4.48%
GUP,163,Matchpool,"$9,383,250 ",$0.125110,"75,000,000",*,"$155,685",0.31%,5.96%
DBIX,164,DubaiCoin,"$9,368,630 ",$9.27,"1,011,151","$76,594",6.34%,-7.25%,-35.05%
B@,165,Bankcoin,"$9,193,615 ",$0.804838,"11,422,939",*,"$8,014",10.07%,-26.35%
VRC,166,VeriCoin,"$9,119,663 ",$0.300723,"30,325,791","$599,382",-6.31%,17.98%,23.18%
TOA,167,ToaCoin,"$8,876,434 ",$0.005289,"1,678,269,392","$44,656",-0.31%,-0.87%,2.06%
RBY,168,Rubycoin,"$8,832,594 ",$0.358836,"24,614,570",*,"$7,961",4.64%,2.40%
XBC,169,Bitcoin Plus,"$8,746,388 ",$88.24,"99,120",*,"$138,664",0.59%,1.68%
MCO,170,Monaco,"$8,731,610 ",$0.889729,"9,813,786",*,"$171,827",0.84%,1.52%
SWT,171,Swarm City,"$8,698,421 ",$1.15,"7,573,394",*,"$34,083",1.45%,9.58%
CLAM,172,Clams,"$8,405,996 ",$3.30,"2,550,038",*,"$337,328",-0.98%,2.31%
LMC,173,LoMoCoin,"$8,363,574 ",$0.039382,"212,369,385",*,"$96,125",-1.55%,-0.59%
RISE,174,Rise,"$8,203,277 ",$0.076390,"107,387,215",*,"$58,328",-0.11%,13.61%
UNO,175,Unobtanium,"$8,051,712 ",$40.71,"197,783","$20,020",-0.06%,-0.34%,-12.54%
HEAT,176,HEAT,"$8,044,934 ",$0.289520,"27,787,144",*,"$2,837",-0.53%,-5.58%
FLDC,177,FoldingCoin,"$8,036,863 ",$0.015616,"514,662,238",*,"$144,809",1.06%,2.42%
QRK,178,Quark,"$7,992,556 ",$0.031781,"251,491,654","$111,151",-0.11%,-2.05%,-0.67%
NLC2,179,NoLimitCoin,"$7,871,486 ",$0.038751,"203,127,774",*,"$14,020",7.04%,7.12%
NOTE,180,DNotes,"$7,752,382 ",$0.061633,"125,783,181","$21,587",-2.11%,-3.96%,-3.50%
MSP,181,Mothership,"$7,746,802 ",$0.055334,"140,000,000",*,"$66,837",0.78%,1.62%
GRS,182,Groestlcoin,"$7,626,860 ",$0.112018,"68,086,024","$226,185",-0.14%,-2.21%,-22.47%
ZEN,183,ZenCash,"$7,601,659 ",$4.74,"1,602,688","$346,628",3.62%,26.84%,26.70%
XBY,184,XtraBYtes,"$7,564,960 ",$0.011638,"650,000,000",*,"$18,607",1.77%,0.87%
PEPECASH,185,Pepe Cash,"$7,525,390 ",$0.010722,"701,884,009",*,"$2,669",0.01%,-2.55%
NET,322,NetCoin,"$1,179,517 ",$0.001499,"787,126,712","$21,818",9.79%,101.44%,72.63%
XPM,187,Primecoin,"$7,488,507 ",$0.372395,"20,109,044","$427,586",0.82%,-1.10%,-2.72%
CHC,188,ChainCoin,"$7,467,060 ",$0.491812,"15,182,753","$89,581",1.31%,3.71%,-26.23%
MGC,842,GulfCoin,? ,$0.004163,?,"$4,746",3.71%,-2.48%,-21.76%
GAM,190,Gambit,"$7,215,756 ",$6.07,"1,189,437",*,"$7,686",0.81%,3.74%
DMD,191,Diamond,"$7,144,270 ",$3.23,"2,214,419","$26,697",-0.17%,1.58%,6.85%
ANC,381,Anoncoin,"$368,244 ",$0.174497,"2,110,317","$1,290",-0.01%,-20.91%,-66.96%
ETT,193,EncryptoTel,"$6,990,318 ",$0.112509,"62,131,190",*,"$1,005",-3.98%,2.29%
JINN,194,Jinn,"$6,772,037 ",$115.36,"58,703",*,"$2,884",2.38%,?
FLO,195,FlorinCoin,"$6,766,329 ",$0.049832,"135,783,089","$48,499",-1.36%,-4.40%,-2.62%
LUN,196,Lunyr,"$6,581,189 ",$2.86,"2,297,853",*,"$137,750",-0.06%,3.30%
VASH,197,VPNCoin,"$6,505,040 ",$0.016249,"400,339,746",*,"$318,617",-0.11%,-2.14%
MEC,198,Megacoin,"$6,433,445 ",$0.195626,"32,886,450","$471,278",-0.27%,-3.74%,-7.17%
XCN,199,Cryptonite,"$6,380,620 ",$0.018446,"345,917,418","$1,112,620",0.59%,-4.52%,4.32%
BELA,200,BelaCoin,"$6,150,571 ",$0.167177,"36,790,775","$45,457",-2.78%,-3.04%,7.15%
NVST,201,NVO,"$6,115,575 ",$0.407705,"15,000,000",*,"$38,714",3.67%,3.66%
AEON,202,Aeon,"$5,875,785 ",$0.403248,"14,571,145","$12,261",-0.79%,8.86%,0.82%
SPHR,203,Sphere,"$5,866,034 ",$1.90,"3,082,940",*,"$12,405",-0.77%,1.11%
PASC,204,Pascal Coin,"$5,421,817 ",$0.449451,"12,063,200","$127,054",-4.69%,12.73%,3.30%
NVC,205,Novacoin,"$5,366,457 ",$3.00,"1,791,805","$8,076",0.12%,3.36%,-47.73%
COVAL,206,Circuits of V...,"$5,294,350 ",$0.005294,"1,000,000,000",*,"$43,024",0.58%,-0.92%
INCNT,207,Incent,"$5,268,651 ",$0.114495,"46,016,425",*,"$145,994",4.69%,11.10%
ADX,208,AdEx,"$5,218,080 ",$0.130452,"40,000,000",*,"$1,253,260",2.39%,7.42%
ICASH,209,iCash,"$5,217,314 ",$0.023227,"224,619,916","$21,150",-0.06%,29.47%,10.73%
MAX,210,MaxCoin,"$5,216,491 ",$0.087284,"59,764,773","$419,089",-0.23%,3.97%,12.19%
ZET,211,Zetacoin,"$5,128,736 ",$0.030811,"166,460,122","$2,278,600",0.12%,20.85%,39.74%
OK,212,OKCash,"$5,104,041 ",$0.070652,"72,241,574",*,"$38,376",-2.64%,6.58%
BITB,213,BitBean,"$4,927,326 ",$0.002398,"2,054,362,000",*,"$67,798",-2.20%,-0.67%
SLR,214,SolarCoin,"$4,854,444 ",$0.136968,"35,442,177",*,"$12,365",2.21%,2.53%
BLITZ,215,Blitzcash,"$4,531,134 ",$1.11,"4,078,061",*,"$185,866",2.33%,-13.38%
PINK,216,PinkCoin,"$4,421,259 ",$0.012767,"346,306,400","$105,747",-0.33%,-1.80%,1.53%
CRB,217,Creditbit,"$4,388,791 ",$0.369578,"11,875,141",*,"$274,443",0.40%,-0.54%
PZM,218,PRIZM,"$4,365,227 ",$0.962545,"4,535,089",*,"$11,439",31.76%,-4.30%
BSD,219,BitSend,"$4,328,074 ",$0.270989,"15,971,400","$27,365",-2.38%,-3.64%,-19.42%
AUR,220,Auroracoin,"$4,303,441 ",$0.497040,"8,658,139",**,"$24,878",-1.23%,3.55%
GCR,221,Global Curren...,"$4,213,775 ",$0.040913,"102,994,555",*,"$9,701",-2.55%,2.21%
ZCC,222,ZcCoin,"$4,188,622 ",$0.067934,"61,657,044","$2,302,560",-5.69%,4.07%,15.89%
SEQ,223,Sequence,"$4,155,729 ",$0.092624,"44,866,852","$35,659",-0.16%,8.61%,16.32%
XVC,224,Vcash,"$4,133,284 ",$0.270956,"15,254,447","$31,830",-1.77%,4.48%,-5.62%
DEX,225,InstantDEX,"$4,120,050 ",$4.12,"1,000,000",*,$610,2.38%,?
ECC,226,E-Currency Coin,"$4,113,112 ",$0.000165,"24,860,298,436","$5,462",-0.18%,20.17%,17.04%
ESP,227,Espers,"$4,110,378 ",$0.000202,"20,391,714,476","$42,490",6.10%,52.59%,-8.75%
DAXX,228,DaxxCoin,"$4,041,262 ",$0.008409,"480,563,170",$796,-0.18%,-7.73%,-37.01%
MUSIC,229,Musicoin,"$4,036,948 ",$0.015136,"266,708,146","$44,991",0.85%,4.33%,-12.62%
GLD,230,GoldCoin,"$3,988,251 ",$0.098717,"40,400,976","$10,469",1.96%,11.81%,9.57%
DAR,231,Darcrus,"$3,984,378 ",$0.292458,"13,623,762",*,"$173,484",-4.16%,22.74%
XSPEC,232,Spectrecoin,"$3,955,643 ",$0.193464,"20,446,404",*,"$16,530",-4.50%,5.95%
XRB,233,RaiBlocks,"$3,951,082 ",$0.039396,"100,291,711","$8,277",1.43%,4.10%,-12.70%
APX,234,APX,"$3,858,564 ",$4.96,"777,394",*,"$49,796",0.86%,5.75%
PUT,235,PutinCoin,"$3,600,017 ",$0.017949,"200,565,864","$1,850",-0.73%,4.21%,8.97%
MINT,236,Mintcoin,"$3,590,178 ",$0.000145,"24,799,012,431",*,"$5,532",-10.59%,55.75%
IXT,237,InsureX,"$3,527,830 ",$0.098601,"35,778,844",*,"$9,927",-0.26%,-11.96%
SBD,238,Steem Dollars,"$3,406,480 ",$0.947715,"3,594,414",*,"$20,561",0.78%,0.35%
ZRC,239,ZrCoin,"$3,380,988 ",$1.38,"2,441,358",*,"$37,517",-2.40%,20.62%
NAUT,240,NautilusCoin,"$3,365,100 ",$0.207979,"16,180,000",*,"$245,258",2.38%,-7.20%
RIC,241,Riecoin,"$3,316,546 ",$0.092154,"35,989,325","$102,762",-1.22%,-2.32%,5.12%
BQX,242,Bitquence,"$3,270,524 ",$0.047668,"68,610,759",*,"$32,682",1.31%,2.62%
VRM,243,VeriumReserve,"$3,210,430 ",$2.65,"1,212,627","$3,647,270",-7.92%,36.09%,68.83%
CURE,244,Curecoin,"$3,192,993 ",$0.134544,"23,731,958",**,"$27,020",-0.20%,2.32%
ABY,245,ArtByte,"$3,072,198 ",$0.003892,"789,376,450",**,"$28,797",1.14%,2.22%
ZEIT,246,Zeitcoin,"$3,049,065 ",$0.000083,"36,935,713,926","$7,564",48.96%,69.94%,22.82%
XMY,247,Myriad,"$2,944,707 ",$0.001961,"1,501,543,750","$247,901",-0.95%,-0.15%,5.58%
XBB,248,Boolberry,"$2,868,066 ",$0.300873,"9,532,480","$4,444",-3.21%,-6.10%,-3.36%
EMV,249,Ethereum Movi...,"$2,838,826 ",$0.425824,"6,666,666",*,$776,-0.41%,-3.84%
STA,250,Starta,"$2,799,788 ",$0.597399,"4,686,630",*,"$6,930",-0.86%,7.93%
QWARK,251,Qwark,"$2,684,667 ",$0.096622,"27,785,259",*,"$99,723",25.89%,31.35%
XST,252,Stealthcoin,"$2,635,424 ",$0.099131,"26,585,191","$10,842",3.30%,-2.25%,-15.64%
ZENI,253,Zennies,"$2,624,874 ",$0.002623,"1,000,775,320",*,"$10,530",-0.18%,-3.80%
SYNX,254,Syndicate,"$2,608,192 ",$0.183516,"14,212,340",*,"$452,864",-10.20%,9.58%
VISIO,255,Visio,"$2,597,728 ",$0.051248,"50,689,148",*,"$5,022",-11.35%,5.57%
SMART,256,SmartCash,"$2,571,356 ",$0.016367,"157,103,249",*,"$4,100",17.49%,5.09%
JNS,257,Janus,"$2,567,163 ",$0.121908,"21,058,198",*,"$5,462",2.19%,-9.48%
DYN,258,Dynamic,"$2,565,254 ",$1.46,"1,756,891",*,"$19,158",-0.47%,-4.14%
BTA,259,Bata,"$2,555,362 ",$0.514477,"4,966,911","$17,281",3.90%,12.24%,2.90%
WBB,260,Wild Beast Block,"$2,544,500 ",$1.07,"2,377,993",$700,-0.16%,-6.72%,-21.90%
CRAVE,261,Crave,"$2,540,778 ",$1.91,"1,328,991",*,"$20,035",-0.41%,-11.74%
EXCL,262,ExclusiveCoin,"$2,533,084 ",$0.606672,"4,175,377","$18,991",-2.39%,-3.01%,-9.33%
SNRG,263,Synergy,"$2,462,243 ",$0.839630,"2,932,534",*,"$9,745",-2.44%,8.12%
VSM,264,VOISE,"$2,461,626 ",$2.98,"825,578",*,"$10,898",-5.71%,21.17%
INSN,265,InsaneCoin,"$2,447,656 ",$0.165243,"14,812,463","$23,464",0.10%,0.73%,-0.23%
PDC,266,Project Decorum,"$2,343,855 ",$0.046877,"50,000,000",*,"$6,374",-3.31%,3.27%
TAG,267,TagCoin,"$2,341,741 ",$0.415903,"5,630,497","$136,700",-0.28%,-2.31%,1.39%
DOPE,268,DopeCoin,"$2,330,466 ",$0.020979,"111,085,648",*,"$26,059",3.76%,6.18%
FST,269,Fastcoin,"$2,292,815 ",$0.018087,"126,764,507","$46,168",-1.99%,-1.31%,7.58%
TRIG,270,Triggers,"$2,274,347 ",$0.070840,"32,105,593",*,"$12,224",-0.72%,13.26%
SWIFT,271,Bitswift,"$2,264,769 ",$0.557176,"4,064,729",*,"$4,821",5.60%,5.11%
NKA,272,IncaKoin,"$2,248,738 ",$0.000246,"9,129,337,467","$1,992",-0.19%,-7.16%,-33.50%
NTRN,273,Neutron,"$2,137,251 ",$0.071596,"29,851,623",*,"$7,574",-3.89%,19.40%
ZCL,274,ZClassic,"$2,096,183 ",$1.16,"1,809,800","$32,327",-0.61%,1.58%,-12.74%
DOT,275,Dotcoin,"$2,039,796 ",$0.008510,"239,685,000",*,"$24,167",-4.67%,21.83%
DIME,276,Dimecoin,"$2,015,883 ",$0.000004,"531,529,266,320","$3,765",-3.60%,-41.92%,-23.66%
FNC,277,FinCoin,"$1,988,711 ",$0.154419,"12,878,667",*,"$55,993",2.96%,3.64%
ARC,455,Arcade Token,"$9,571,326 ",$4.91,"1,948,873",*,Low Vol,?,?
SIGT,279,Signatum,"$1,870,871 ",$0.032578,"57,427,777","$215,625",3.25%,8.37%,-19.50%
KORE,280,KoreCoin,"$1,864,635 ",$0.947221,"1,968,532",*,"$30,032",-0.95%,4.91%
MBRS,281,Embers,"$1,859,680 ",$0.037194,"50,000,000",*,"$6,836",20.80%,20.95%
FUCK,282,FuckToken,"$1,859,555 ",$0.043052,"43,193,633",*,"$7,646",-1.86%,-2.89%
RNS,283,Renos,"$1,857,046 ",$0.055673,"33,356,077",*,"$18,353",-0.62%,8.15%
EQT,284,EquiTrader,"$1,843,370 ",$0.299353,"6,157,847","$9,639",5.26%,2.13%,-2.89%
ADC,285,AudioCoin,"$1,836,943 ",$0.002242,"819,434,718","$2,617",-0.18%,6.86%,-20.33%
THC,286,HempCoin,"$1,760,703 ",$0.007859,"224,041,897","$39,606",-4.10%,18.10%,7.44%
BRX,287,Breakout Stake,"$1,754,505 ",$0.279911,"6,268,082",*,"$6,666",-2.41%,-0.22%
HUC,288,HunterCoin,"$1,748,120 ",$0.094232,"18,551,260","$22,309",-0.30%,-2.22%,4.93%
VTR,289,vTorrent,"$1,737,596 ",$0.160651,"10,815,966","$7,537",0.44%,7.32%,2.54%
ERC,290,EuropeCoin,"$1,736,565 ",$0.175762,"9,880,208",*,"$6,273",-1.26%,6.00%
TX,291,TransferCoin,"$1,734,243 ",$0.286187,"6,059,825",*,"$17,044",-0.22%,3.27%
SKIN,292,SkinCoin,"$1,726,606 ",$0.019580,"88,183,483",*,"$11,671",-0.79%,-6.95%
BTM,293,Bitmark,"$1,715,220 ",$0.439667,"3,901,180","$77,104",-1.45%,-0.77%,2.44%
ADZ,294,Adzcoin,"$1,670,885 ",$0.030245,"55,245,000","$3,228",0.89%,5.57%,-1.31%
1337,295,1337,"$1,652,982 ",$0.000071,"23,269,903,345",*,"$3,218",-9.79%,9.00%
TIX,296,Tickets,"$1,648,005 ",$0.000025,"66,876,281,414","$21,651",-1.08%,1.54%,-0.18%
2GIVE,297,2GIVE,"$1,632,251 ",$0.003171,"514,720,713","$5,123",0.70%,-3.28%,-11.96%
LGD,298,Legends Room,"$1,623,520 ",$0.811760,"2,000,000",*,"$127,747",0.28%,-2.38%
TRC,299,Terracoin,"$1,592,518 ",$0.076013,"20,950,520","$8,285",3.59%,2.27%,-4.56%
CCRB,300,CryptoCarbon,"$1,574,898 ",$0.442125,"3,562,111",*,"$7,213",4.86%,-6.05%
BRK,301,Breakout,"$1,559,451 ",$0.086226,"18,085,587","$21,328",0.12%,7.05%,-13.04%
POSW,302,PoSW Coin,"$1,559,195 ",$0.035356,"44,100,000",*,"$12,744",1.32%,10.74%
HUSH,303,Hush,"$1,558,868 ",$1.42,"1,100,888","$16,995",-0.31%,13.97%,-4.33%
CANN,304,CannabisCoin,"$1,548,006 ",$0.020044,"77,231,176","$61,687",-5.60%,0.93%,-18.15%
GEO,305,GeoCoin,"$1,527,747 ",$0.485248,"3,148,384","$40,803",0.22%,13.88%,9.93%
INPAY,306,InPay,"$1,512,790 ",$0.151279,"10,000,000",*,"$37,244",5.77%,8.06%
NSR,307,NuShares,"$1,475,249 ",$0.000546,"2,702,268,334",*,"$2,268",2.92%,9.51%
PTC,308,Pesetacoin,"$1,448,808 ",$0.011140,"130,058,054","$5,969",1.38%,5.29%,3.26%
PND,309,Pandacoin,"$1,429,948 ",$0.000044,"32,514,916,898",$669,-9.56%,36.53%,28.72%
EGC,310,EverGreenCoin,"$1,400,375 ",$0.105123,"13,321,301","$16,312",0.47%,8.30%,3.19%
MER,311,Mercury,"$1,316,990 ",$0.013170,"100,000,000",*,"$3,523",0.22%,16.99%
FUNC,312,FUNCoin,"$1,300,128 ",$0.222298,"5,848,581",*,"$3,091",-0.28%,2.19%
START,313,Startcoin,"$1,285,666 ",$0.028520,"45,079,785",**,"$31,521",-0.26%,4.67%
MNE,314,Minereum,"$1,243,363 ",$1.53,"814,396",*,"$4,239",-0.18%,2.86%
ADL,315,Adelphoi,"$1,238,885 ",$0.052781,"23,472,224",*,"$1,013",0.36%,-23.91%
PEPE,316,PepeCoin,"$1,226,976 ",$0.086808,"14,134,319","$31,783",-0.36%,-1.65%,-3.42%
XWC,317,WhiteCoin,"$1,218,318 ",$0.004908,"248,215,365","$10,859",-2.99%,2.60%,-14.31%
LDOGE,318,LiteDoge,"$1,215,925 ",$0.000082,"14,815,558,001",*,"$4,918",2.15%,14.65%
HKG,319,Hacker Gold,"$1,186,036 ",$0.073617,"16,110,893",*,"$4,331",2.66%,-0.79%
TKS,320,Tokes,"$1,185,425 ",$1.23,"960,309",*,"$13,216",1.06%,-2.71%
RLT,321,RouletteToken,"$1,182,743 ",$0.117190,"10,092,527",*,"$8,452",-0.86%,-10.99%
HTML5,323,HTMLCOIN,"$1,117,851 ",$0.000027,"40,659,020,000","$11,953",-0.16%,2.27%,5.22%
PING,324,CryptoPing,"$1,117,480 ",$0.112286,"9,952,089",*,"$49,466",1.27%,-2.35%
SPRTS,325,Sprouts,"$1,098,551 ",$0.000004,"311,421,389,507",*,"$1,630",-0.19%,103.92%
ICE,326,iDice,"$1,091,532 ",$0.694795,"1,571,013",*,"$1,222",1.22%,-10.49%
I0C,327,I0Coin,"$1,075,235 ",$0.051251,"20,979,628",$931,0.52%,44.03%,28.23%
HYP,328,HyperStake,"$1,063,459 ",$0.001115,"953,475,229",*,"$1,973",3.99%,18.76%
EFL,329,e-Gulden,"$1,058,029 ",$0.068637,"15,414,852",**,"$4,893",-0.22%,9.30%
SXC,330,Sexcoin,"$1,046,513 ",$0.008457,"123,750,976","$3,253",2.37%,9.06%,2.88%
TRUST,331,TrustPlus,"$1,029,883 ",$0.032097,"32,086,595",*,"$9,163",-3.42%,-3.26%
RAIN,332,Condensate,"$1,017,781 ",$0.020117,"50,592,348","$11,507",-0.32%,13.62%,0.00%
XTC,333,TileCoin,"$1,001,750 ",$0.010018,"100,000,000",*,"$41,229",-0.22%,0.23%
ALT,334,Altcoin,"$945,126 ",$7.74,"122,175",*,"$1,169",-0.19%,-8.82%
EL,335,Elcoin,"$908,698 ",$0.081069,"11,208,967",*,"$2,996",-0.17%,-0.62%
NETKO,336,Netko,"$900,945 ",$0.254737,"3,536,765","$2,008",1.06%,13.80%,-5.73%
TIPS,337,FedoraCoin,"$838,922 ",$0.000002,"443,168,182,458","$33,609",-18.47%,-23.23%,-47.73%
E4ROW,338,E4ROW,"$837,405 ",$0.200913,"4,168,000",*,"$3,286",-17.77%,?
CPC,339,Capricoin,"$823,548 ",$0.413834,"1,990,045",*,"$27,193",-1.59%,-2.02%
DRACO,340,DT Token,"$815,975 ",$0.009180,"88,888,888",*,"$25,433",6.08%,17.78%
BTX,519,BitcoinTX,"$274,684 ",$0.003364,"81,651,176",*,Low Vol,-0.18%,-70.80%
MOIN,342,Moin,"$799,065 ",$0.113135,"7,062,936",*,"$2,387",-0.82%,13.27%
ORB,343,Orbitcoin,"$791,771 ",$0.263844,"3,000,905",$706,0.03%,8.11%,10.18%
LOG,344,Woodcoin,"$775,490 ",$0.096512,"8,035,193","$9,906",-0.18%,18.78%,20.42%
CBX,345,Crypto Bullion,"$753,138 ",$0.753840,"999,069","$1,321",-0.18%,-6.48%,15.30%
DGC,346,Digitalcoin,"$741,513 ",$0.028137,"26,353,950","$1,751",-0.16%,-9.16%,-37.61%
XMG,347,Magi,"$733,195 ",$0.102154,"7,177,350","$15,965",-0.18%,-1.51%,-8.01%
RBX,348,Ripto Bux,"$719,511 ",$0.001887,"381,236,123",*,"$7,774",7.97%,7.01%
PKB,349,ParkByte,"$707,758 ",$0.148563,"4,764,026",*,"$9,480",0.04%,1.39%
BTB,350,BitBar,"$700,260 ",$20.82,"33,626","$2,090",24.24%,43.35%,97.47%
ENT,351,Eternity,"$691,940 ",$0.187280,"3,694,681","$1,403",18.50%,0.80%,57.48%
FJC,352,FujiCoin,"$686,949 ",$0.000660,"1,041,082,503","$47,720",3.93%,0.61%,11.81%
XVP,353,Virtacoinplus,"$682,511 ",$0.074843,"9,119,237","$3,479",0.19%,-24.66%,-10.42%
PIE,354,PIECoin,"$679,510 ",$0.009117,"74,532,459",*,"$41,416",10.39%,57.59%
WGO,355,WavesGo,"$664,781 ",$0.066499,"9,996,929",*,"$2,035",-1.10%,-15.20%
MRT,356,Miners' Rewar...,"$624,587 ",$0.062459,"10,000,000",*,"$2,741",-3.95%,12.64%
OTX,357,Octanox,"$582,745 ",$0.073696,"7,907,410","$7,306",-0.18%,4.90%,-39.36%
PROC,358,ProCurrency,"$560,507 ",$0.199100,"2,815,205",*,"$2,676",-2.63%,-7.84%
UNB,359,UnbreakableCoin,"$545,649 ",$0.239514,"2,278,150","$254,611",-0.01%,7.00%,-3.36%
UIS,360,Unitus,"$532,942 ",$0.011391,"46,785,866","$82,914",0.19%,-0.56%,-6.08%
BYC,361,Bytecent,"$531,873 ",$0.310961,"1,710,416","$19,159",2.30%,-4.54%,-16.50%
FIMK,362,FIMKrypto,"$525,055 ",$0.000910,"577,004,618",*,$853,-5.88%,-18.33%
USNBT,363,NuBits,"$524,920 ",$1.00,"523,851",*,"$30,971",-0.88%,0.88%
LNK,364,Link Platform,"$517,168 ",$10.89,"47,503",*,"$7,790",-0.40%,-38.05%
KEK,365,KekCoin,"$511,124 ",$0.052713,"9,696,450",*,"$3,821",-0.21%,-28.94%
DCY,366,Dinastycoin,"$505,606 ",$0.000414,"1,222,058,882","$2,130",-6.40%,-2.46%,-25.71%
FOOT,367,Footy Cash,"$491,576 ",$0.120320,"4,085,573","$5,818",-0.06%,-10.92%,-43.18%
CNT,368,Centurion,"$483,982 ",$0.018224,"26,557,979","$3,640",7.93%,6.24%,-2.51%
ITI,369,iTicoin,"$469,862 ",$14.68,"32,000",*,"$90,649",8.70%,-11.47%
VUC,370,Virta Unique ...,"$469,757 ",$0.007790,"60,301,550","$51,133",-1.16%,10.10%,4.23%
TRI,371,Triangles,"$448,803 ",$6.16,"72,891","$2,737",-0.18%,40.58%,9.88%
TRUMP,372,TrumpCoin,"$434,136 ",$0.066357,"6,542,384","$3,642",-0.13%,3.47%,-1.88%
XHI,373,HiCoin,"$421,140 ",$0.002220,"189,729,990","$133,830",1.28%,-8.60%,-26.48%
INFX,374,Influxcoin,"$420,330 ",$0.251186,"1,673,383","$85,314",-0.72%,-1.42%,-15.19%
ZER,375,Zero,"$420,188 ",$0.353233,"1,189,550","$1,152",-1.64%,-1.14%,-0.55%
CNC,376,CHNCoin,"$407,977 ",$0.012267,"33,258,127","$33,157",1.38%,0.67%,7.07%
HNC,998,Huncoin,? ,$0.001396,?,Low Vol,?,?,-18.84%
EMB,378,EmberCoin,"$381,639 ",$0.000081,"4,694,839,707",*,"$19,567",8.71%,0.63%
POST,379,PostCoin,"$381,212 ",$0.024024,"15,868,233",*,"$6,093",-1.46%,5.75%
42,380,42-coin,"$372,300 ",$8864.28,41.999999,$950,-5.30%,1.44%,-0.53%
ZOI,382,Zoin,"$340,162 ",$0.027431,"12,400,450","$2,599",-0.71%,-1.53%,-6.90%
KRB,383,Karbowanec,"$311,101 ",$0.077537,"4,012,293","$8,526",-1.71%,-8.51%,-37.91%
SUMO,384,Sumokoin,"$308,994 ",$0.298910,"1,033,735","$3,672",-0.19%,0.26%,-0.38%
PXC,385,Phoenixcoin,"$302,387 ",$0.005090,"59,408,450",$792,-8.21%,61.82%,34.47%
BITS,386,Bitstar,"$301,901 ",$0.013081,"23,079,737","$1,528",-0.88%,-2.93%,-18.95%
XP,387,XP,"$294,702 ",$0.000002,"140,411,302,828","$1,468",1.09%,44.57%,8.41%
FRN,388,Francs,"$268,823 ",$0.072117,"3,727,620",$694,0.48%,0.22%,-1.38%
BSTY,389,GlobalBoost-Y,"$262,174 ",$0.021181,"12,377,910","$1,126",13.85%,30.47%,28.07%
BUN,390,BunnyCoin,"$250,088 ",$0.000002,"101,792,122,905","$1,895",-4.31%,5.93%,-34.03%
XVS,391,Vsync,"$243,623 ",$0.002283,"106,696,825",$545,-0.14%,38.31%,-14.73%
RBIES,392,Rubies,"$241,821 ",$0.023218,"10,415,252",*,"$2,856",-0.18%,4.87%
NYC,393,NewYorkCoin,"$230,286 ",$0.000004,"59,719,935,819","$1,930",-2.37%,-12.90%,-55.91%
DP,394,DigitalPrice,"$224,394 ",$0.009708,"23,113,836",$738,-2.36%,10.54%,-18.71%
DEM,395,Deutsche eMark,"$224,356 ",$0.008072,"27,793,416","$1,272",9.20%,2.57%,-26.01%
LANA,396,LanaCoin,"$224,007 ",$0.000289,"776,425,136","$2,404",-2.73%,27.81%,-1.50%
ATOM,397,Atomic Coin,"$213,076 ",$0.018568,"11,475,551","$4,739",-1.02%,-2.08%,30.84%
GOOD,398,Good Karma,"$212,160 ",$0.000481,"441,349,000",*,$820,1.33%,-63.33%
DNR,399,Denarius,"$208,225 ",$0.435583,"478,039","$3,474",-8.71%,12.42%,-25.52%
LINX,400,Linx,"$195,889 ",$0.046574,"4,206,000","$10,147",-1.81%,2.26%,2.08%
BOST,401,BoostCoin,"$195,821 ",$0.016517,"11,855,487",$705,-0.18%,-84.75%,-90.08%
UNIFY,402,Unify,"$195,275 ",$0.013068,"14,942,626","$14,342",-16.76%,-27.55%,-36.34%
TEK,403,TEKcoin,"$194,963 ",$0.000138,"1,414,054,562","$1,076",-0.18%,4.16%,1.27%
NEWB,404,Newbium,"$191,114 ",$0.006370,"30,000,000",*,"$3,802",1.18%,-2.56%
808,405,808Coin,"$181,255 ",$0.000471,"384,970,618",$555,12.76%,3.41%,22.98%
YOC,406,Yocoin,"$169,104 ",$0.001601,"105,618,830",*,$987,-2.37%,-12.35%
KURT,407,Kurrent,"$165,750 ",$0.016709,"9,919,485",$727,-0.39%,4.66%,1.20%
CJ,408,Cryptojacks,"$153,363 ",$0.000377,"406,568,581","$1,668",8.68%,10.03%,-14.28%
SWING,409,Swing,"$152,820 ",$0.062504,"2,444,950","$1,267",-8.85%,3.39%,-6.36%
SCORE,410,Scorecoin,"$143,129 ",$0.005319,"26,907,875","$1,832",9.07%,15.23%,-32.01%
GB,411,GoldBlocks,"$134,590 ",$0.008973,"14,999,421",$596,-1.66%,-35.51%,-13.17%
MI,412,Xiaomicoin,"$128,879 ",$0.000317,"406,141,855",*,"$4,065",0.19%,-17.40%
GCC,691,GuccioneCoin,"$28,528 ",$0.001406,"20,285,537",*,Low Vol,-0.17%,1.59%
DAS,414,DAS,"$125,237 ",$0.086005,"1,456,161","$19,887",-23.75%,-30.31%,-22.25%
MSCN,415,Master Swiscoin,"$121,777 ",$0.002901,"41,974,910",*,$645,1.20%,-2.21%
KAYI,416,Kayi,"$121,123 ",$0.000138,"879,010,000",*,"$1,708",-1.09%,8.58%
UET,417,Useless Ether...,"$117,744 ",$0.029691,"3,965,716",*,"$1,351",32.45%,0.19%
MAR,418,Marijuanacoin,"$104,519 ",$0.098973,"1,056,030",$817,22.23%,33.12%,22.23%
ASAFE2,419,AllSafe,"$101,944 ",$0.012695,"8,030,000",*,"$3,634",-11.15%,-8.84%
CXT,420,Coinonat,"$97,974 ",$0.033234,"2,948,003","$4,139",13.18%,17.54%,-25.24%
PRC,421,PRCoin,"$95,559 ",$0.008300,"11,512,600",**,"$7,547",-0.18%,-24.32%
FLAX,422,Flaxscript,"$94,690 ",$0.017067,"5,548,207",$532,-0.12%,12.79%,-9.80%
FRC,423,Freicoin,"$94,260 ",$0.003309,"28,486,211","$30,202",-0.14%,1.81%,28.00%
GLT,424,GlobalToken,"$92,964 ",$0.004199,"22,139,800","$1,285",-7.41%,-16.92%,-39.86%
EVO,425,Evotion,"$90,870 ",$0.036801,"2,469,220","$1,624",-0.32%,17.54%,15.90%
BUMBA,426,BumbaCoin,"$90,279 ",$0.004081,"22,121,442","$1,089",-0.40%,48.02%,33.81%
STV,427,Sativacoin,"$89,812 ",$0.012684,"7,080,503",$505,-0.18%,0.52%,-4.23%
XLR,428,Solaris,"$88,432 ",$0.248600,"355,721","$4,057",-3.48%,13.98%,-22.87%
MOJO,429,MojoCoin,"$87,753 ",$0.007263,"12,082,590",*,"$1,052",2.80%,-0.61%
TOR,430,Torcoin,"$86,247 ",$0.272779,"316,179",$533,-5.44%,-10.17%,-21.83%
BERN,431,BERNcash,"$82,732 ",$0.001161,"71,234,301","$1,141",-23.28%,-51.15%,-55.84%
300,432,300 Token,"$82,708 ",$275.69,300,*,"$1,436",-0.21%,42.67%
DIX,433,Dix Asset,"$80,712 ",$8.1e-07,"100,000,000,000",*,"$1,695",2.58%,12.55%
TTC,434,TittieCoin,"$72,475 ",$0.000058,"1,259,816,434",$776,-30.47%,-29.13%,-50.01%
VRS,435,Veros,"$62,533 ",$0.000511,"122,273,700",*,"$1,202",-0.27%,-9.64%
ERY,436,Eryllium,"$52,855 ",$0.011374,"4,647,096",$937,1.09%,5.76%,-13.56%
XCO,437,X-Coin,"$52,262 ",$0.004220,"12,384,976",*,"$1,055",-0.18%,-2.04%
ECO,438,EcoCoin,"$51,889 ",$0.129719,"400,010","$34,399",-3.79%,11.76%,-46.41%
CREVA,439,CrevaCoin,"$38,132 ",$0.001048,"36,390,750",$531,2.06%,1.83%,-3.33%
611,440,SixEleven,"$36,837 ",$0.087975,"418,716","$2,096",-0.14%,-9.07%,-20.98%
URO,441,Uro,"$36,088 ",$0.029891,"1,207,310",$878,-0.27%,20.36%,?
U,442,UCoin,"$34,638 ",$0.012877,"2,689,812",*,"$1,106",-0.18%,-12.44%
BTPL,443,Bitcoin Planet,"$34,596 ",$0.006994,"4,946,625",$651,-0.29%,-6.84%,-58.50%
SOCC,444,SocialCoin,"$33,725 ",$0.024822,"1,358,703","$1,904",-0.18%,-9.70%,4.35%
AMS,445,AmsterdamCoin,"$32,733 ",$0.003408,"9,603,707",$631,13.18%,7.46%,-34.79%
DIBC,446,DIBCOIN,"$29,068 ",$0.005814,"5,000,000",*,$649,-4.44%,-59.67%
BRIA,447,BriaCoin,"$23,118 ",$0.686771,"33,662",*,$539,-0.34%,36.06%
CTIC2,448,Coimatic 2.0,"$16,556 ",$0.007548,"2,193,500",$981,1.79%,10.96%,-56.19%
EBT,449,Ebittree Coin,"$15,013 ",$0.014403,"1,042,350","$1,038",-2.27%,-1.23%,-5.16%
WEX,450,Wexcoin,"$14,373 ",$0.069603,"206,504",*,"$2,817",-16.56%,-35.16%
LVPS,451,LevoPlus,"$11,857 ",$0.022396,"529,410","$13,084",-0.18%,-1.99%,-6.57%
GEERT,452,GeertCoin,"$8,439 ",$0.001657,"5,091,200",$899,-0.18%,-30.52%,-36.91%
MUSE,453,MUSE,"$16,914,937 ",$0.012303,"1,374,840,478",*,?,0.00%,0.59%
BITCNY,454,bitCNY,"$10,191,551 ",$0.153185,"66,531,000",*,Low Vol,1.03%,4.30%
BPC,456,Bitpark Coin,"$4,742,168 ",$0.063229,"75,000,000",*,Low Vol,-0.18%,42.44%
MED,457,Mediterranean...,"$4,579,499 ",$0.090297,"50,716,128",?,?,?,?
CADASTRAL,458,Bitland,"$4,500,390 ",$0.150013,"30,000,000",*,?,-0.01%,0.68%
ATMS,459,Atmos,"$3,871,915 ",$0.038660,"100,153,527",*,Low Vol,-0.18%,-6.98%
XC,460,XCurrency,"$3,584,770 ",$0.614807,"5,830,724",*,Low Vol,-0.18%,27.88%
BITUSD,461,bitUSD,"$3,541,265 ",$1.01,"3,507,210",*,?,0.00%,0.82%
INSANE,462,InsaneCoin,"$2,854,014 ",$0.155595,"18,342,581",Low Vol,-0.58%,18.72%,-9.89%
AC,463,AsiaCoin,"$2,302,343 ",$0.002460,"935,725,218",Low Vol,-0.21%,6.88%,1.33%
ICOO,464,ICO OpenLedger,"$2,140,212 ",$4.53,"472,649",*,?,-0.02%,0.59%
IXC,465,Ixcoin,"$1,764,205 ",$0.084013,"20,999,088",*,Low Vol,-0.64%,-16.82%
CREA,466,Creativecoin,"$1,761,479 ",$0.165421,"10,648,460",Low Vol,0.21%,39.70%,-20.22%
GRE,467,Greencoin,"$1,690,068 ",$0.000522,"3,236,996,641",*,Low Vol,-27.50%,199.59%
FUND,468,Cryptofund,"$1,621,170 ",$1.62,"1,000,000",*,?,?,?
BLOCKPAY,469,BlockPay,"$1,496,191 ",$0.275628,"5,428,300",*,?,-0.01%,0.59%
PANGEA,470,Pangea Poker,"$1,055,096 ",$1.06,"999,352",*,?,?,?
USC,471,Ultimate Secu...,"$990,530 ",$0.095767,"10,343,113",Low Vol,-0.18%,2.71%,27.06%
BITZ,472,Bitz,"$917,693 ",$0.460946,"1,990,891",Low Vol,?,0.79%,-5.27%
YASH,473,YashCoin,"$892,427 ",$0.089241,"10,000,168",*,Low Vol,-0.18%,-1.57%
HPC,474,Happycoin,"$860,201 ",$0.073823,"11,652,192",Low Vol,1.94%,91.50%,79.91%
CCN,475,Cannacoin,"$858,591 ",$0.182739,"4,698,453",Low Vol,-7.47%,123.06%,310.47%
CARBON,476,Carboncoin,"$848,860 ",$0.000055,"15,391,974,946",Low Vol,-0.17%,2.06%,7.07%
CASINO,477,Casino,"$762,686 ",$0.762686,"1,000,000",*,Low Vol,-0.50%,-1.59%
HERO,478,Sovereign Hero,"$762,515 ",$159.76,"4,773",*,?,-0.04%,0.68%
GLC,479,GlobalCoin,"$736,804 ",$0.011306,"65,171,010",Low Vol,-0.17%,-33.63%,-35.51%
CFT,480,CryptoForecast,"$660,877 ",$0.014367,"46,000,000",*,Low Vol,-10.18%,-11.55%
CDN,481,Canada eCoin,"$653,599 ",$0.006709,"97,415,544",Low Vol,-0.20%,4.11%,2.17%
TES,482,TeslaCoin,"$638,995 ",$0.008796,"72,643,205",Low Vol,-0.17%,14.46%,14.54%
GCN,483,GCoin,"$626,638 ",$0.000004,"142,093,535,000",Low Vol,0.21%,-4.51%,-13.03%
SDC,484,ShadowCash,"$611,688 ",$0.091448,"6,688,889",*,Low Vol,?,1.27%
HTC,485,HitCoin,"$606,441 ",$0.000055,"10,996,318,099",**,Low Vol,-0.18%,1.80%
KOBO,486,Kobocoin,"$598,351 ",$0.024224,"24,700,248",*,Low Vol,5.18%,33.66%
BTSR,487,BTSR,"$579,153 ",$0.176289,"3,285,249",*,?,-0.02%,1.52%
SMC,488,SmartCoin,"$510,003 ",$0.022086,"23,091,878",Low Vol,-0.09%,1.46%,2.73%
TROLL,489,Trollcoin,"$476,647 ",$0.000854,"558,115,233",Low Vol,-0.19%,-12.32%,4.52%
RC,490,RussiaCoin,"$471,938 ",$0.057438,"8,216,446",Low Vol,-0.18%,-43.49%,-38.56%
BLU,491,BlueCoin,"$467,496 ",$0.000813,"574,683,675",Low Vol,10.99%,-12.35%,-30.83%
NOBL,492,NobleCoin,"$447,509 ",$0.000195,"2,297,772,019",Low Vol,-0.20%,14.21%,10.51%
V,493,Version,"$444,749 ",$0.000991,"448,720,677",Low Vol,1.19%,-24.04%,-17.89%
SRC,494,SecureCoin,"$439,915 ",$0.055149,"7,976,776",Low Vol,-0.17%,-63.34%,-87.44%
FCN,495,Fantomcoin,"$439,279 ",$0.071694,"6,127,101",Low Vol,1.78%,4.54%,1.79%
MXT,496,MarteXcoin,"$438,663 ",$0.160147,"2,739,125",Low Vol,-0.03%,1.97%,15.71%
PAK,497,Pakcoin,"$410,771 ",$0.010478,"39,201,350",Low Vol,4.12%,9.20%,-10.44%
TOKEN,498,SwapToken,"$407,001 ",$0.000027,"15,320,585,365",*,Low Vol,-0.09%,-1.91%
DVC,499,Devcoin,"$397,386 ",$0.000028,"14,400,977,500",Low Vol,-0.18%,36.27%,-23.67%
CV2,500,Colossuscoin V2,"$385,196 ",$0.000017,"22,417,659,915",*,Low Vol,-0.28%,11.23%
DSH,501,Dashcoin,"$381,724 ",$0.021942,"17,396,723",Low Vol,0.12%,10.55%,-31.49%
XTO,502,Tao,"$379,728 ",$0.012485,"30,414,523",Low Vol,6.14%,-27.79%,-61.86%
SUPER,503,SuperCoin,"$370,869 ",$0.008515,"43,555,553",Low Vol,-0.97%,2.75%,-74.46%
UFO,504,UFO Coin,"$370,747 ",$0.000110,"3,361,295,012",Low Vol,-0.18%,1.14%,6.67%
SMLY,505,SmileyCoin,"$358,358 ",$0.000014,"25,960,250,000",**,Low Vol,-0.45%,-19.53%
PIGGY,506,Piggycoin,"$350,826 ",$0.000724,"484,370,681",Low Vol,-0.21%,41.36%,11.30%
FUNK,507,The Cypherfunks,"$323,681 ",$0.000007,"44,880,645,000",Low Vol,-0.46%,2.36%,-1.41%
CORG,508,CorgiCoin,"$322,980 ",$0.000258,"1,251,855,418",*,Low Vol,3.95%,-3.24%
ETB,509,Ethbits,"$318,776 ",$1.00,"317,329",*,Low Vol,-0.41%,-97.16%
STS,510,Stress,"$311,669 ",$0.000551,"565,134,332",Low Vol,13.01%,-3.12%,?
FLY,511,Flycoin,"$307,567 ",$1.46,"210,806",*,Low Vol,-0.15%,8.73%
TALK,512,BTCtalkcoin,"$306,417 ",$0.004693,"65,290,635",Low Vol,-6.63%,23.94%,-2.61%
JET,513,JetCoin,"$306,347 ",$0.199690,"1,534,115",*,Low Vol,1.73%,0.81%
GTC,514,Global Tour Coin,"$304,795 ",$0.010754,"28,341,940",Low Vol,-0.18%,-5.57%,65.92%
XGR,515,GoldReserve,"$302,091 ",$0.017593,"17,171,382",**,Low Vol,-5.09%,30.42%
BRIT,516,BritCoin,"$299,080 ",$0.014062,"21,268,092",Low Vol,-0.20%,-42.33%,-52.59%
BTD,517,Bitcloud,"$292,504 ",$0.025948,"11,272,762",Low Vol,-0.18%,3.61%,2.32%
SHORTY,518,Shorty,"$292,292 ",$0.002923,"100,000,000",*,Low Vol,-0.17%,6.85%
8BIT,520,8Bit,"$272,876 ",$0.234346,"1,164,415",*,Low Vol,-0.19%,24.79%
MZC,521,MazaCoin,"$271,344 ",$0.000248,"1,092,618,137",Low Vol,-0.18%,0.19%,-22.25%
CAGE,522,CageCoin,"$270,228 ",$0.000003,"101,168,328,395",Low Vol,15.96%,-86.33%,-76.64%
GAIA,523,GAIA,"$267,166 ",$0.011085,"24,101,381",*,Low Vol,-0.17%,0.82%
CNO,524,Coin(O),"$259,595 ",$0.002471,"105,074,226",Low Vol,?,0.25%,-94.70%
REE,525,ReeCoin,"$259,529 ",$0.020984,"12,367,704",Low Vol,-0.18%,-22.53%,21.08%
HBN,526,HoboNickels,"$258,119 ",$0.004687,"55,067,564",Low Vol,-0.15%,-1.18%,-26.84%
UTC,527,UltraCoin,"$251,583 ",$0.005764,"43,647,670",Low Vol,-0.18%,10.61%,-23.50%
HODL,528,HOdlcoin,"$244,706 ",$0.002151,"113,772,790",Low Vol,-0.15%,-6.57%,-41.52%
EMD,529,Emerald Crypto,"$231,854 ",$0.012128,"19,117,129",Low Vol,-0.16%,8.56%,-9.17%
LOT,530,LottoCoin,"$228,148 ",$0.000016,"14,491,014,421",Low Vol,1.37%,3.33%,-6.06%
METAL,531,MetalCoin,"$219,755 ",$0.002857,"76,925,527",*,Low Vol,?,1.41%
LTBC,532,LTBcoin,"$217,833 ",$0.000441,"493,863,915",*,Low Vol,?,?
CRYPT,533,CryptCoin,"$216,775 ",$0.035847,"6,047,182",Low Vol,-0.18%,-20.72%,-56.08%
RAREPEPEP,534,Rare Pepe Party,"$216,680 ",$12.04,"18,000",*,Low Vol,?,?
AMBER,535,AmberCoin,"$212,074 ",$0.004853,"43,698,200",**,Low Vol,-0.17%,-6.67%
FLT,536,FlutterCoin,"$209,089 ",$0.000649,"322,214,524",Low Vol,-7.11%,-42.43%,-4.24%
FC2,537,FuelCoin,"$207,110 ",$0.002041,"101,498,168",**,Low Vol,-0.17%,-23.12%
BITBTC,538,bitBTC,"$201,028 ",$2751.30,73.0665,*,?,0.04%,0.86%
LTB,539,LiteBar,"$196,924 ",$0.281449,"699,681",Low Vol,0.40%,4.22%,-11.66%
BXT,540,BitTokens,"$191,805 ",$0.344847,"556,203",Low Vol,-0.18%,3.09%,-16.77%
AU,541,AurumCoin,"$188,315 ",$0.635736,"296,216",Low Vol,-0.18%,1.45%,-21.95%
TIT,542,Titcoin,"$188,058 ",$0.003769,"49,898,202",Low Vol,-2.10%,5.31%,-5.78%
C2,543,Coin2.1,"$181,950 ",$0.001820,"99,976,323",*,Low Vol,-0.18%,7.55%
BITSILVER,544,bitSilver,"$178,106 ",$21.20,"8,400",*,?,-0.02%,0.80%
CON,545,PayCon,"$175,767 ",$0.007628,"23,042,604",*,Low Vol,-0.17%,215.58%
TSE,546,Tattoocoin (S...,"$169,431 ",$0.001874,"90,421,856",*,Low Vol,-0.20%,-16.51%
PSB,547,Pesobit,"$169,270 ",$0.005129,"33,003,031",*,Low Vol,-3.80%,9.73%
VIDZ,549,PureVidz,"$164,359 ",$0.001312,"125,266,614",*,Low Vol,-0.15%,10.31%
CAP,550,Bottlecaps,"$159,862 ",$0.000993,"161,043,994",Low Vol,2.67%,-0.06%,-3.73%
UNIC,551,UniCoin,"$157,541 ",$0.053633,"2,937,394",Low Vol,-0.15%,0.26%,-13.81%
Q2C,552,QubitCoin,"$157,203 ",$0.000634,"247,868,223",Low Vol,-0.18%,-9.65%,-33.56%
TRK,553,Truckcoin,"$151,491 ",$0.001131,"133,994,814",*,Low Vol,7.73%,-1.98%
MNM,554,Mineum,"$150,535 ",$0.015953,"9,436,367",Low Vol,-0.54%,-26.95%,-35.91%
BLC,555,Blakecoin,"$149,765 ",$0.009903,"15,122,697",Low Vol,0.46%,-45.68%,-30.42%
HMP,556,HempCoin,"$149,637 ",$0.000110,"1,356,645,470",Low Vol,-0.18%,1.81%,28.29%
DUO,557,ParallelCoin,"$148,473 ",$0.502673,"295,366",Low Vol,0.07%,25.15%,-6.08%
MAC,558,Machinecoin,"$140,130 ",$0.007077,"19,800,375",Low Vol,-0.19%,-0.60%,-12.83%
NYAN,559,Nyancoin,"$139,872 ",$0.000470,"297,891,209",Low Vol,-2.20%,3.61%,-35.19%
PASL,560,Pascal Lite,"$138,241 ",$0.050241,"2,751,550",Low Vol,1.07%,8.72%,-26.71%
BUCKS,561,SwagBucks,"$131,995 ",$0.562174,"234,793",Low Vol,-8.26%,-20.12%,-38.42%
XJO,562,Joulecoin,"$131,798 ",$0.003967,"33,219,816",Low Vol,-6.78%,6.85%,-30.94%
VLT,563,Veltor,"$131,610 ",$0.237198,"554,855",Low Vol,-0.14%,2.35%,-17.71%
J,564,Joincoin,"$127,613 ",$0.052121,"2,448,402",Low Vol,1.19%,-0.59%,-34.77%
CSC,565,CasinoCoin,"$124,862 ",$0.003235,"38,601,187",Low Vol,?,?,-79.09%
ADCN,566,Asiadigicoin,"$123,744 ",$0.004963,"24,931,054",Low Vol,-0.18%,9.73%,-2.25%
TGC,567,Tigercoin,"$122,453 ",$0.002813,"43,536,800",Low Vol,-0.17%,4.91%,-1.60%
KUSH,568,KushCoin,"$115,728 ",$0.021317,"5,428,907",Low Vol,24.14%,17.38%,-19.19%
BITGOLD,569,bitGold,"$114,320 ",$1270.65,89.9694,*,?,-0.01%,0.47%
UNITS,570,GameUnits,"$114,091 ",$0.032851,"3,472,983",*,Low Vol,-0.17%,7.99%
XRA,571,Ratecoin,"$111,291 ",$0.001020,"109,055,624",*,Low Vol,-9.81%,-1.46%
BITEUR,572,bitEUR,"$110,519 ",$1.20,"91,836",*,?,-0.01%,0.65%
BIGUP,573,BigUp,"$108,757 ",$0.000052,"2,078,581,816",Low Vol,-0.12%,-3.19%,86.37%
UNI,574,Universe,"$107,840 ",$0.021343,"5,052,744",*,Low Vol,-0.18%,5.67%
KIC,575,KibiCoin,"$106,380 ",$0.007236,"14,701,000",Low Vol,-0.46%,-10.03%,-52.43%
MTM,576,MTMGaming,"$105,461 ",$0.035154,"3,000,000",*,Low Vol,-0.50%,1.90%
EUC,577,Eurocoin,"$103,281 ",$0.008685,"11,892,076",Low Vol,-0.18%,-23.37%,-9.46%
BTCS,578,Bitcoin Scrypt,"$102,150 ",$0.006295,"16,228,450",Low Vol,12.95%,40.57%,-5.49%
BOLI,579,Bolivarcoin,"$102,119 ",$0.014222,"7,180,425",Low Vol,-0.77%,-6.79%,-19.69%
XCT,580,C-Bit,"$101,139 ",$0.000697,"145,018,250",Low Vol,5.86%,-0.66%,-42.81%
888,581,OctoCoin,"$99,756 ",$0.002014,"49,535,260",Low Vol,-0.64%,-15.44%,-36.41%
SLG,582,Sterlingcoin,"$99,368 ",$0.023800,"4,175,126",Low Vol,-0.15%,5.10%,-29.88%
WAY,583,WayGuide,"$99,310 ",$0.000993,"100,040,708",*,Low Vol,-0.17%,18.23%
XPY,584,PayCoin,"$97,998 ",$0.008355,"11,729,022",**,Low Vol,-0.18%,-22.64%
XPTX,585,PlatinumBAR,"$95,687 ",$0.409863,"233,461",Low Vol,-1.96%,18.54%,-43.98%
VAL,586,Valorbit,"$95,455 ",$0.000028,"3,461,677,063",Low Vol,-0.18%,1.81%,3.78%
RUP,587,Rupee,"$94,999 ",$0.004348,"21,847,550",Low Vol,-29.53%,6.51%,-40.51%
CAT,588,Catcoin,"$94,087 ",$0.016131,"5,832,600",Low Vol,-0.17%,-23.48%,-37.77%
BTCR,589,Bitcurrency,"$93,640 ",$0.000552,"169,598,616",*,Low Vol,-0.28%,-7.27%
GUN,590,Guncoin,"$92,918 ",$0.000496,"187,301,728",Low Vol,-4.60%,12.96%,-17.20%
PXI,591,Prime-XI,"$91,402 ",$0.005784,"15,801,180",Low Vol,0.19%,9.41%,-40.57%
ELE,592,Elementrem,"$91,259 ",$0.003595,"25,381,891",Low Vol,26.28%,12.79%,-32.57%
RED,593,RedCoin,"$89,628 ",$0.001209,"74,107,896",Low Vol,-0.25%,3.65%,-19.36%
CHESS,594,ChessCoin,"$88,568 ",$0.001639,"54,032,769",*,Low Vol,-0.17%,-12.86%
CRX,595,Chronos,"$88,076 ",$0.001195,"73,729,962",Low Vol,-24.00%,102.56%,-7.22%
PIP,596,PipCoin,"$87,741 ",$0.012535,"6,999,979",Low Vol,-0.23%,-7.16%,6.85%
ARCO,597,AquariusCoin,"$87,665 ",$0.066651,"1,315,286",*,Low Vol,-0.22%,29.63%
QTL,598,Quatloo,"$87,630 ",$0.011581,"7,566,805",Low Vol,-5.66%,-14.65%,-34.75%
ARI,599,Aricoin,"$84,811 ",$0.000605,"140,262,505",Low Vol,-1.44%,5.67%,-31.31%
HONEY,600,Honey,"$83,049 ",$0.449345,"184,822",Low Vol,-5.45%,-12.69%,-39.19%
UNIBURST,601,UniBURST,"$80,652 ",$0.080652,"999,999",*,Low Vol,-0.50%,47.47%
ICOB,602,ICOBID,"$78,116 ",$0.000744,"105,028,242",*,Low Vol,-0.18%,5.20%
SPEX,603,SproutsExtreme,"$77,927 ",$0.000027,"2,866,607,586",*,Low Vol,?,?
AGLC,604,AgrolifeCoin,"$77,518 ",$0.013760,"5,633,637",*,Low Vol,-0.18%,1.62%
XRE,605,RevolverCoin,"$76,943 ",$0.003502,"21,971,176",Low Vol,-0.17%,42.20%,20.01%
YAC,606,Yacoin,"$74,614 ",$0.000634,"117,646,326",Low Vol,-0.17%,-24.67%,-20.91%
XPD,607,PetroDollar,"$74,113 ",$0.001158,"63,993,275",Low Vol,-0.18%,-8.31%,-1.03%
KED,608,Darsek,"$72,807 ",$0.006976,"10,436,173",Low Vol,-0.18%,3.04%,-34.67%
GP,805,Goldpay Coin,? ,$0.006082,?,*,"$201,010",-0.92%,-2.82%
SPACE,610,SpaceCoin,"$71,758 ",$0.003831,"18,730,433",Low Vol,-8.46%,42.32%,-19.11%
GPU,611,GPU Coin,"$71,295 ",$0.001761,"40,477,042",Low Vol,-1.50%,0.92%,-20.57%
CUBE,612,DigiCube,"$70,595 ",$0.000029,"2,429,126,009",*,Low Vol,-0.22%,-46.27%
ARB,613,ARbit,"$68,308 ",$0.009855,"6,930,955",Low Vol,-0.17%,108.41%,?
ZNY,614,Bitzeny,"$66,708 ",$0.000882,"75,614,500",Low Vol,14.06%,-4.19%,4.15%
DLC,615,Dollarcoin,"$66,295 ",$0.007280,"9,106,714",Low Vol,-0.18%,30.50%,?
IMS,616,Independent M...,"$66,140 ",$0.012319,"5,368,934",Low Vol,0.51%,59.44%,-25.69%
DRM,617,Dreamcoin,"$66,017 ",$0.026977,"2,447,167",*,Low Vol,?,1.12%
QCN,618,QuazarCoin,"$65,964 ",$0.011030,"5,980,463",Low Vol,-0.18%,-2.26%,-30.64%
020,619,020LondonCoin,"$65,325 ",$4.2e-07,"155,727,820,248",Low Vol,?,-9.90%,?
KLC,620,KiloCoin,"$64,954 ",$0.000331,"196,297,971",Low Vol,-0.18%,11.07%,-14.67%
EVIL,621,Evil Coin,"$64,879 ",$0.003086,"21,020,383",Low Vol,0.31%,13.40%,-4.05%
GAP,622,Gapcoin,"$63,742 ",$0.005653,"11,276,070",Low Vol,-0.15%,-0.24%,1.06%
WMC,623,WMCoin,"$63,042 ",$0.005469,"11,527,489",*,Low Vol,?,0.46%
SPT,624,Spots,"$62,889 ",$0.002807,"22,406,021",Low Vol,-0.28%,-9.48%,-11.31%
MCRN,625,MACRON,"$62,876 ",$0.000157,"401,421,401",*,Low Vol,-1.11%,137.58%
OHM,626,OHM Wallet,"$62,515 ",$0.002206,"28,344,231",*,Low Vol,-0.21%,-48.78%
CPN,627,CompuCoin,"$62,189 ",$0.003170,"19,615,019",Low Vol,-0.21%,4.52%,-29.07%
ALL,628,Allion,"$61,540 ",$0.009927,"6,199,359",Low Vol,-0.18%,1.81%,0.70%
RBT,629,Rimbit,"$61,338 ",$0.000531,"115,499,623",*,Low Vol,-8.10%,-16.66%
ACOIN,630,Acoin,"$60,375 ",$0.049484,"1,220,085",Low Vol,-0.16%,4.10%,5.85%
PR,631,Prototanium,"$59,989 ",$0.307707,"194,956",Low Vol,-0.18%,6.06%,-29.66%
ATX,632,Artex Coin,"$59,508 ",$0.003171,"18,765,815",Low Vol,-0.18%,13.65%,-2.27%
CYP,633,Cypher,"$59,362 ",$0.009326,"6,365,285",*,Low Vol,?,1.27%
URC,634,Unrealcoin,"$59,077 ",$0.008410,"7,024,402",Low Vol,-0.15%,-29.32%,27.41%
SCRT,635,SecretCoin,"$57,878 ",$0.013687,"4,228,672",*,Low Vol,?,1.27%
PHS,636,Philosopher S...,"$56,937 ",$0.023439,"2,429,219",*,Low Vol,-0.17%,0.50%
MAD,637,SatoshiMadness,"$55,168 ",$0.000028,"2,000,683,485",*,Low Vol,-0.17%,1.81%
HAL,638,Halcyon,"$54,662 ",$0.011223,"4,870,605",Low Vol,0.77%,-24.23%,-40.93%
ECA,639,Electra,"$50,850 ",$0.000003,"19,916,247,746",Low Vol,19.45%,17.89%,-60.24%
GBC,640,GBCGoldCoin,"$49,992 ",$0.004400,"11,361,817",Low Vol,-2.18%,3.63%,9.96%
FRK,641,Franko,"$49,863 ",$0.078285,"636,950",Low Vol,-0.18%,136.75%,-5.07%
ARG,642,Argentum,"$47,288 ",$0.006016,"7,860,403",Low Vol,-0.16%,34.94%,8.57%
MARS,643,Marscoin,"$47,094 ",$0.001665,"28,279,074",Low Vol,-0.36%,-1.68%,-12.58%
NEVA,644,NevaCoin,"$45,830 ",$0.022328,"2,052,640",Low Vol,-0.21%,1.50%,-10.34%
POP,645,PopularCoin,"$45,760 ",$0.000014,"3,359,769,525",Low Vol,0.29%,-14.67%,-21.73%
SOON,646,SoonCoin,"$45,019 ",$0.003612,"12,462,620",*,Low Vol,-0.15%,-0.98%
VC,647,VirtualCoin,"$44,681 ",$0.004440,"10,064,287",Low Vol,-0.15%,1.80%,-29.72%
VTA,648,Virtacoin,"$44,535 ",$0.000009,"5,199,779,866",Low Vol,-0.32%,42.50%,31.92%
BOB,649,Dobbscoin,"$44,373 ",$0.008769,"5,060,382",Low Vol,0.15%,0.80%,-14.95%
WORM,650,HealthyWormCoin,"$44,325 ",$0.000414,"107,164,469",Low Vol,-6.42%,-4.55%,-6.39%
CACH,651,CacheCoin,"$43,958 ",$0.010478,"4,195,132",Low Vol,147.95%,-0.80%,-41.75%
PX,652,PX,"$43,877 ",$0.000524,"83,763,451",Low Vol,-0.21%,-15.91%,-23.32%
TAJ,653,TajCoin,"$43,811 ",$0.006571,"6,666,937",Low Vol,-0.80%,-6.76%,-20.05%
BIP,654,BipCoin,"$43,706 ",$0.028413,"1,538,251",Low Vol,-13.84%,-18.58%,-41.86%
FIRE,655,Firecoin,"$43,047 ",$0.437418,"98,412",*,Low Vol,-0.36%,1.63%
JIN,656,Jin Coin,"$42,948 ",$0.004361,"9,848,485",Low Vol,-0.06%,2.23%,-44.25%
BVC,657,BeaverCoin,"$41,491 ",$0.013319,"3,115,258",Low Vol,-0.18%,2.08%,-23.54%
TSTR,658,Tristar Coin,"$41,356 ",$0.008225,"5,027,857",Low Vol,?,1.23%,-68.09%
DBTC,659,Debitcoin,"$40,199 ",$0.002234,"17,997,821",Low Vol,-0.18%,17.44%,-13.52%
BCF,660,BitcoinFast,"$40,020 ",$0.010644,"3,759,729",**,Low Vol,-0.61%,16.21%
PHO,661,Photon,"$39,806 ",$0.000002,"18,708,810,678",Low Vol,-0.45%,25.45%,-42.59%
WYV,662,Wyvern,"$39,565 ",$0.028154,"1,405,304",*,Low Vol,-0.08%,3.02%
FLVR,663,FlavorCoin,"$39,178 ",$0.001875,"20,898,106",*,Low Vol,-0.20%,8.78%
SLING,664,Sling,"$39,096 ",$0.036399,"1,074,095",*,Low Vol,-0.18%,3.86%
IMX,665,Impact,"$38,969 ",$0.000356,"109,441,675",Low Vol,-0.18%,118.66%,32.79%
JWL,666,Jewels,"$38,955 ",$0.001930,"20,181,636",*,Low Vol,-2.94%,-1.02%
MST,667,MustangCoin,"$38,546 ",$0.061215,"629,682",Low Vol,-0.15%,0.20%,-26.33%
PUTIC,668,Putin Classic,"$37,524 ",$0.001098,"34,181,844",Low Vol,?,1.33%,-49.59%
HXX,669,Hexx,"$37,478 ",$0.026513,"1,413,605",*,Low Vol,0.01%,-4.24%
B3,670,B3Coin,"$37,457 ",$0.069847,"536,278",Low Vol,-0.18%,-7.03%,-51.99%
PONZI,671,PonziCoin,"$37,018 ",$0.042989,"861,099",Low Vol,-0.17%,1.82%,6.60%
FUZZ,672,FuzzBalls,"$35,693 ",$0.007390,"4,829,945",Low Vol,-0.18%,33.99%,40.14%
$$$,673,Money,"$35,469 ",$0.000773,"45,887,218",Low Vol,-12.00%,-4.63%,-17.39%
CHAO,674,23 Skidoo,"$35,245 ","$139,544",0.25257293,Low Vol,-0.18%,-12.36%,28.62%
MEOW,675,Kittehcoin,"$35,170 ",$0.000001,"23,905,669,976",Low Vol,0.00%,-2.90%,-21.96%
BSTAR,676,Blackstar,"$34,788 ",$0.000055,"630,795,971",*,Low Vol,-0.15%,103.62%
CNNC,677,Cannation,"$34,696 ",$0.014008,"2,476,893",Low Vol,-28.39%,-52.95%,-67.71%
BLRY,678,BillaryCoin,"$34,679 ",$0.003860,"8,983,158",Low Vol,-0.18%,-9.22%,-43.34%
STEPS,679,Steps,"$33,896 ",$0.001820,"18,625,017",*,Low Vol,-0.18%,11.85%
UNIT,680,Universal Cur...,"$33,817 ",$0.002592,"13,046,431",Low Vol,-33.45%,-75.14%,-62.45%
ANTI,681,AntiBitcoin,"$33,457 ",$0.001916,"17,465,159",Low Vol,?,1.04%,62.06%
MND,682,MindCoin,"$32,294 ",$0.002574,"12,546,625",Low Vol,?,1.09%,-2.52%
MILO,683,MiloCoin,"$31,999 ",$0.002966,"10,789,954",Low Vol,?,?,-37.65%
PULSE,684,Pulse,"$31,938 ",$0.002234,"14,298,972",Low Vol,-0.18%,31.82%,3.05%
COAL,685,BitCoal,"$31,884 ",$0.007085,"4,500,000",Low Vol,-0.21%,-0.80%,-15.56%
BENJI,686,BenjiRolls,"$31,515 ",$0.001599,"19,704,369",Low Vol,-0.18%,11.69%,-36.46%
NRO,687,Neuro,"$30,832 ",$0.001903,"16,204,572",Low Vol,-0.18%,-6.33%,-10.42%
LUNA,688,Luna Coin,"$29,859 ",$0.020662,"1,445,097",Low Vol,-0.18%,0.91%,-16.86%
VEC2,689,Vector,"$29,573 ",$0.001836,"16,103,090",Low Vol,?,1.20%,-46.05%
GRT,690,Grantcoin,"$28,914 ",$0.000689,"41,942,681",*,Low Vol,-0.17%,14.89%
DRS,692,Digital Rupees,"$28,171 ",$0.000055,"510,802,961",*,Low Vol,-0.18%,103.62%
SFC,693,Solarflarecoin,"$28,125 ",$0.001997,"14,083,450",Low Vol,-0.08%,3.37%,-19.68%
SONG,694,SongCoin,"$27,703 ",$0.000851,"32,565,300",Low Vol,-0.31%,-0.35%,5.29%
BLAS,695,BlakeStar,"$26,726 ",$0.000110,"242,351,520",Low Vol,-0.21%,-6.63%,?
MNC,696,MantraCoin,"$25,775 ",$0.005543,"4,650,380",*,Low Vol,-0.18%,-39.56%
KNC,697,KingN Coin,"$25,540 ",$12.74,"2,005",*,Low Vol,-0.18%,-15.36%
RPC,698,RonPaulCoin,"$25,379 ",$0.030469,"832,961",Low Vol,-5.77%,-54.70%,-31.34%
AUM,699,Alexium,"$25,186 ",$0.001241,"20,297,336",*,Low Vol,-0.18%,-26.11%
XBTC21,700,Bitcoin 21,"$25,150 ",$0.031711,"793,108",*,Low Vol,-0.18%,-5.20%
QBK,701,Qibuck Asset,"$24,555 ",$0.016656,"1,474,228",*,Low Vol,-0.50%,-6.29%
PRX,702,Printerium,"$24,449 ",$0.002068,"11,821,728",Low Vol,-0.18%,23.24%,5.02%
LEA,703,LeaCoin,"$24,408 ",$0.000085,"286,780,289",Low Vol,-0.02%,26.21%,-6.32%
XCRE,704,Creatio,"$24,370 ",$0.001188,"20,520,514",*,Low Vol,-0.16%,28.42%
CESC,705,CryptoEscudo,"$23,842 ",$0.000165,"144,105,100",**,Low Vol,-0.18%,-12.73%
VLTC,706,Vault Coin,"$23,741 ",$0.000794,"29,908,140",Low Vol,-0.71%,-18.91%,-47.05%
BIOS,707,BiosCrypto,"$23,540 ",$0.001131,"20,821,709",*,Low Vol,-0.15%,4.36%
VIP,708,VIP Tokens,"$23,011 ",$0.000276,"83,450,403",*,Low Vol,-0.18%,-7.44%
G3N,709,G3N,"$22,520 ",$0.002978,"7,561,891",Low Vol,-0.17%,30.91%,?
RIDE,710,Ride My Car,"$22,332 ",$0.000221,"101,234,954",*,Low Vol,-0.18%,19.56%
CWXT,711,CryptoWorldX ...,"$22,000 ",$0.000386,"56,988,480",*,Low Vol,-0.18%,3.92%
MTLMC3,712,Metal Music Coin,"$21,982 ",$0.000276,"79,719,140",Low Vol,-9.25%,-8.83%,-28.89%
AMMO,713,Ammo Rewards,"$21,447 ",$0.000276,"77,777,777",*,Low Vol,3.26%,1.81%
GBT,714,GameBet Coin,"$21,107 ",$0.000993,"21,262,780",*,Low Vol,-0.18%,4.73%
BLZ,715,BlazeCoin,"$20,775 ",$0.000034,"608,557,394",Low Vol,-0.40%,12.25%,-26.54%
ZUR,716,Zurcoin,"$19,698 ",$0.000241,"81,740,484",Low Vol,-0.17%,-36.21%,-54.80%
ZYD,717,Zayedcoin,"$19,283 ",$0.003088,"6,243,840",Low Vol,19.57%,-9.55%,-36.55%
ACP,718,AnarchistsPrime,"$19,148 ",$0.004357,"4,394,874",Low Vol,-0.18%,9.87%,-19.19%
CAB,719,Cabbage,"$19,105 ",$0.001820,"10,499,996",*,Low Vol,-0.20%,1.79%
BOAT,720,Doubloon,"$18,650 ",$0.001006,"18,547,845",Low Vol,-0.14%,36.43%,-5.75%
ORLY,721,Orlycoin,"$18,189 ",$0.000496,"36,646,779",Low Vol,-0.18%,7.47%,-9.56%
BTQ,722,BitQuark,"$17,956 ",$0.002509,"7,155,671",Low Vol,-2.33%,-16.76%,-13.92%
HVCO,723,High Voltage,"$17,799 ",$0.011912,"1,494,171",*,Low Vol,-0.18%,?
4CHN,724,ChanCoin,"$17,781 ",$0.002895,"6,141,146",Low Vol,-0.18%,-85.31%,-86.58%
XBTS,725,Beatcoin,"$17,658 ",$0.011581,"1,524,686",Low Vol,-0.23%,-21.19%,-10.94%
SH,726,Shilling,"$17,487 ",$0.004522,"3,866,850",*,Low Vol,30.96%,50.26%
SLEVIN,727,Slevin,"$17,372 ",$0.000248,"70,000,000",*,Low Vol,-0.18%,16.13%
DES,728,Destiny,"$16,776 ",$0.010485,"1,600,000",Low Vol,?,1.62%,-37.31%
LBTC,729,LiteBitcoin,"$16,642 ",$0.003888,"4,280,260",Low Vol,2.74%,-0.09%,-15.50%
ZMC,730,ZetaMicron,"$16,554 ",$0.000028,"600,344,291",*,Low Vol,-45.55%,-3.53%
DLISK,731,DAPPSTER,"$16,545 ",$0.000165,"100,000,000",*,Low Vol,-0.18%,33.63%
OFF,732,Cthulhu Offer...,"$16,384 ",$0.006253,"2,620,264",Low Vol,3.52%,-26.24%,-60.67%
XOC,733,Xonecoin,"$16,214 ",$0.038605,"420,000",*,Low Vol,-0.09%,10.15%
WARP,734,WARP,"$16,036 ",$0.014642,"1,095,224",*,Low Vol,-0.18%,1.82%
SCS,735,Speedcash,"$15,702 ",$0.059969,"261,831",Low Vol,?,0.78%,12.00%
RSGP,736,RSGPcoin,"$15,472 ",$8.99,"1,721",*,Low Vol,-2.18%,-18.46%
TRADE2,737,TradecoinV2,"$15,197 ",$0.003171,"4,792,225",Low Vol,1.59%,64.92%,-13.36%
CASH,738,Cashcoin,"$15,029 ",$0.000551,"27,251,500",Low Vol,-0.17%,-0.13%,-26.44%
EGO,739,EGO,"$14,890 ",$0.000248,"60,000,001",*,Low Vol,-0.18%,?
DOLLAR,740,Dollar Online,"$14,517 ",$0.019550,"742,531",Low Vol,-0.18%,-11.53%,-37.67%
CMT,741,Comet,"$14,489 ",$0.016600,"872,830",Low Vol,-0.18%,-28.41%,-35.90%
CONX,742,Concoin,"$14,302 ",$0.019216,"744,266",Low Vol,?,1.07%,-28.11%
ZNE,743,Zonecoin,"$14,228 ",$0.005510,"2,581,970",Low Vol,?,1.22%,?
MAY,744,Theresa May Coin,"$13,350 ",$0.000772,"17,290,200",Low Vol,-0.18%,-6.02%,-35.04%
420G,745,GanjaCoin,"$12,731 ",$0.017703,"719,132",Low Vol,-0.15%,-1.71%,-1.70%
OS76,746,OsmiumCoin,"$12,627 ",$0.014123,"894,026",Low Vol,?,?,?
IBANK,747,iBank,"$12,606 ",$0.002785,"4,526,324",Low Vol,-0.18%,3.87%,-14.20%
1CR,748,1CRedit,"$11,890 ",$0.134785,"88,213",Low Vol,-0.18%,?,-39.75%
LTCR,749,Litecred,"$11,864 ",$0.000393,"30,227,750",Low Vol,-0.17%,20.77%,-60.67%
PLNC,750,PLNcoin,"$11,781 ",$0.000689,"17,089,600",**,Low Vol,-0.18%,-22.87%
JOBS,751,JobsCoin,"$11,604 ",$0.000109,"106,019,270",Low Vol,?,1.03%,-15.30%
ARGUS,752,Argus,"$11,367 ",$0.009899,"1,148,324",Low Vol,-0.31%,-1.97%,-16.67%
ALTC,753,Antilitecoin,"$11,296 ",$0.000358,"31,512,613",Low Vol,-0.15%,7.32%,12.63%
BNX,754,BnrtxCoin,"$10,792 ",$0.000525,"20,548,501",Low Vol,-87.60%,-62.53%,-66.93%
CRT,755,CRTCoin,"$10,492 ",$0.132359,"79,270",**,Low Vol,-0.18%,1.81%
IMPCH,756,Impeachcoin,"$10,198 ",$0.033090,"308,179",*,Low Vol,3.38%,-19.21%
ISL,757,IslaCoin,"$10,117 ",$0.006684,"1,513,704",*,Low Vol,-0.18%,-73.94%
ICON,758,Iconic,"$10,055 ",$0.016959,"592,894",*,Low Vol,-0.18%,-28.19%
CTO,759,Crypto,"$10,004 ",$0.000937,"10,672,646",Low Vol,-0.21%,1.13%,-57.41%
BSC,760,BowsCoin,"$9,866 ",$0.001778,"5,550,102",Low Vol,?,0.97%,-24.64%
CCM100,761,CCMiner,"$9,137 ",$0.003691,"2,475,732",*,Low Vol,-0.50%,-14.83%
IMPS,762,ImpulseCoin,"$8,932 ",$0.000441,"20,245,510",Low Vol,-0.18%,-1.44%,-27.37%
LIR,763,LetItRide,"$8,844 ",$0.000248,"35,636,771",*,Low Vol,-0.18%,7.10%
HIRO,764,Hirocoin,"$8,810 ",$0.000028,"319,477,646",Low Vol,-50.08%,1.81%,-46.67%
VOLT,765,Bitvolt,"$8,751 ",$0.000579,"15,112,554",*,Low Vol,-0.18%,1.82%
VPRC,766,VapersCoin,"$8,414 ",$0.000011,"780,124,964",Low Vol,-0.45%,1.73%,-58.23%
BQC,767,BBQCoin,"$8,399 ",$0.000165,"50,765,854",Low Vol,-0.17%,-41.52%,5.73%
PEX,768,PosEx,"$7,847 ",$0.003199,"2,453,240",Low Vol,-2.15%,-5.52%,2.04%
XRC,769,Rawcoin,"$7,211 ",$0.010230,"704,882",Low Vol,-0.18%,5.48%,-32.43%
JIO,770,JIO Token,"$7,103 ",$0.003723,"1,908,128",*,Low Vol,-0.18%,76.13%
BIOB,771,BioBar,"$6,595 ",$0.007445,"885,756",*,Low Vol,-0.18%,1.80%
TAGR,772,TAGRcoin,"$6,365 ",$0.000165,"38,669,634",*,Low Vol,?,1.30%
OCEAN,773,BurstOcean,"$6,314 ",$0.029806,"211,827",*,Low Vol,-0.50%,-5.16%
ELS,774,Elysium,"$6,185 ",$0.001544,"4,005,012",Low Vol,-0.18%,3.69%,-26.73%
ABN,775,Abncoin,"$5,414 ",$0.079967,"67,700",Low Vol,-0.15%,-1.45%,-16.13%
NODC,776,NodeCoin,"$5,234 ",$0.003118,"1,678,439",Low Vol,?,0.11%,-35.41%
SANDG,777,Save and Gain,"$5,004 ",$0.001633,"3,064,800",Low Vol,?,0.48%,2.97%
CF,778,Californium,"$4,476 ",$0.040287,"111,110",Low Vol,-0.18%,3.41%,-6.29%
DPAY,779,DPAY,"$4,389 ",$0.000055,"79,541,001",Low Vol,?,1.86%,-57.31%
SDP,780,SydPak,"$3,988 ",$0.025088,"158,940",*,Low Vol,-0.21%,-23.20%
XNG,781,Enigma,"$3,851 ",$0.231628,"16,627",Low Vol,-0.18%,111.18%,-24.14%
P7C,782,P7Coin,"$3,783 ",$0.000107,"35,220,238",Low Vol,?,-0.85%,-33.10%
ENV,783,Environ,"$3,659 ",$0.000028,"132,621,235",*,Low Vol,-0.46%,-0.02%
DRAGON,784,BTCDragon,"$3,535 ",$0.008767,"403,189",*,Low Vol,-0.50%,-3.88%
ONX,785,Onix,"$3,524 ",$0.001241,"2,840,109",Low Vol,-0.18%,2.38%,-54.62%
SLFI,786,Selfiecoin,"$2,973 ",$0.000028,"107,829,281",Low Vol,-0.18%,1.81%,6.67%
PIZZA,787,PizzaCoin,"$2,470 ",$0.001792,"1,377,917",Low Vol,-0.18%,6.73%,-25.40%
LEX,788,Lex4All,"$2,192 ",$0.002192,"1,000,000",*,Low Vol,-0.50%,-67.68%
REV,789,Revenu,"$1,945 ",$0.001627,"1,195,525",Low Vol,-0.18%,?,-50.05%
FDC,790,Future Digita...,"$1,584 ",$0.000575,"2,753,201",Low Vol,?,?,-54.24%
ZHS,791,Zcashshare,"$1,411 ",$0.000499,"2,826,000",Low Vol,?,?,?
PWR,792,Powercoin,"$1,378 ",$0.000028,"49,983,870",Low Vol,-0.21%,1.79%,6.67%
MGM,793,Magnum,"$1,119 ",$0.000298,"3,748,685",Low Vol,?,0.18%,-80.80%
DGCS,794,Digital Credits,$965 ,$0.000166,"5,826,388",Low Vol,?,1.93%,-19.15%
MUG,795,MikeTheMug,$876 ,$0.000877,"999,279",*,Low Vol,-0.50%,6.83%
DMB,796,Digital Money...,$280 ,$0.000665,"421,300",Low Vol,1.03%,28.06%,8.25%
XEN,797,Xenixcoin,$232 ,$0.022970,"10,100",Low Vol,-0.18%,6.15%,-28.81%
CALC,798,CaliphCoin,$130 ,$0.001489,"87,140",Low Vol,-0.15%,23.84%,-51.14%
GXS,799,GXShares,? ,$2.27,?,*,"$5,261,780",1.02%,8.63%
ICO,800,ICO,? ,$0.427117,?,*,"$1,681,470",0.48%,5.54%
FRGC,801,Fargocoin,? ,$7.59,?,"$1,498,150",0.00%,0.44%,0.99%
HLB,802,Lepaoquan,? ,$0.027863,?,*,"$1,417,510",-0.68%,4.34%
DMC,803,DynamicCoin,? ,$0.999818,?,"$698,683",0.00%,-0.02%,0.04%
ATCC,804,ATC Coin,? ,$0.129050,?,"$403,948",-0.43%,2.68%,2.32%
BGC,806,BagCoin,? ,$0.005089,?,"$187,156",0.30%,7.88%,2.65%
LINDA,807,Linda,? ,$0.000281,?,"$179,857",5.74%,48.73%,52.06%
OAX,808,OpenAnx,? ,$0.349814,?,*,"$166,391",-2.52%,3.49%
PBT,809,Primalbase,? ,$6662.26,?,*,"$125,076",-4.22%,4.08%
GYC,810,Gycoin,? ,$0.014278,?,"$119,423",-2.04%,-11.12%,-3.52%
XID,996,International...,? ,$0.008696,?,Low Vol,?,?,?
SJCX,812,Storjcoin X,? ,$0.413042,?,*,"$75,731",-0.10%,-1.56%
BTU,813,Bitcoin Unlim...,? ,$322.47,?,"$71,685",0.77%,19.03%,36.80%
BET,980,BetaCoin,? ,$0.000882,?,Low Vol,-0.17%,-20.93%,?
MALC,815,Malcoin,? ,$35.94,?,*,"$42,808",-0.18%,1.82%
DTF,816,Digitalfund,? ,$0.011180,?,"$38,624",4.62%,-6.78%,-4.38%
BITOK,817,Bitok,? ,$0.005515,?,*,"$32,120",-9.87%,-41.40%
OCN,818,OperaCoin,? ,$0.749913,?,*,"$31,763",-0.21%,-3.85%
IFLT,819,InflationCoin,? ,$0.000081,?,*,"$25,122",4.17%,28.93%
AXF,820,AxFunds,? ,$0.076772,?,"$22,793",1.48%,2.41%,-2.12%
FXE,821,FuturXe,? ,$1.07,?,*,"$18,200",-0.18%,1.81%
DHG,823,DHG,? ,$0.116276,?,"$16,343",0.20%,-5.83%,-12.52%
IOP,824,Internet of P...,? ,$0.552705,?,"$16,184",-2.87%,1.79%,-9.81%
DEUS,825,DeusCoin,? ,$0.228871,?,"$14,054",-0.62%,2.03%,30.73%
SHELL,976,ShellCoin,? ,$0.012544,?,*,Low Vol,-0.20%,-29.82%
GBG,827,Golos Gold,? ,$0.076134,?,*,"$12,432",-4.98%,-3.08%
CLUB,828,ClubCoin,? ,$0.318885,?,*,"$12,126",-2.08%,2.98%
ZBC,829,Zilbercoin,? ,$0.302758,?,*,"$11,676",-11.41%,-4.74%
FEDS,830,FedoraShare,? ,$0.000020,?,*,"$10,897",0.20%,-19.37%
EBST,831,eBoost,? ,$0.114353,?,*,"$10,557",-0.18%,2.82%
WA,832,WA Space,? ,$0.031959,?,"$9,767",-0.18%,3.16%,3.78%
CRM,833,Cream,? ,$0.016156,?,"$8,342",-3.82%,5.00%,?
KASHH,834,KashhCoin,? ,$0.000033,?,*,"$7,460",-42.84%,-60.77%
FLASH,835,Flash,? ,$0.002613,?,*,"$7,405",-0.53%,6.98%
HMC,836,HarmonyCoin,? ,$0.033030,?,"$7,098",-1.08%,-27.30%,8.17%
AE,837,Aeternity (Pr...,? ,$0.375017,?,*,"$6,723",-0.18%,2.45%
THS,838,TechShares,? ,$0.473514,?,*,"$6,706",-0.18%,2.40%
WEC,839,Wowecoin,? ,$0.130000,?,*,"$5,787",0.00%,7.44%
TYC,840,Tyrocoin,? ,$0.543195,?,"$5,534",-0.18%,174.63%,236.04%
FAL,841,Falcoin,? ,$1.49,?,"$4,988",19.70%,36.90%,-35.66%
MG,843,Mind Gene,? ,$0.011857,?,"$4,461",-0.18%,-0.50%,-1.01%
BIRDS,844,Birds,? ,$0.000165,?,"$4,300",-0.21%,-24.70%,?
PCS,845,Pabyosi Coin ...,? ,$0.074367,?,"$4,078",-0.18%,0.94%,-18.90%
TER,846,TerraNova,? ,$826.80,?,"$3,864",-0.21%,47.47%,-49.73%
SHND,847,StrongHands,? ,$3.8e-07,?,"$3,673",2.31%,5.95%,-31.62%
AV,848,AvatarCoin,? ,$0.086419,?,*,"$2,968",0.94%,-30.59%
XRY,849,Royalties,? ,$0.115804,?,"$2,569",-0.23%,0.84%,-85.41%
PAC,850,Paccoin,? ,$1.4e-07,?,"$2,323",7.58%,-15.27%,-0.23%
EMP,851,EMoneyPower,? ,$0.081180,?,*,"$2,294",-0.18%,-3.74%
UTA,852,UtaCoin,? ,$0.013787,?,*,"$2,209",-37.61%,-23.22%
SKULL,853,Pirate Blocks,? ,$0.001958,?,"$2,167",-0.41%,-0.44%,-86.02%
APC,854,AlpaCoin,? ,$0.298276,?,"$1,671",-0.18%,12.69%,2.30%
SNC,855,SunContract (...,? ,$0.025895,?,*,"$1,510",-2.10%,-3.40%
TYCHO,856,Tychocoin,? ,$0.122708,?,"$1,437",-0.18%,0.80%,-5.98%
GAY,857,GAY Money,? ,$0.100699,?,"$1,355",9.67%,-16.56%,-28.54%
PRIMU,858,Primulon,? ,$0.000248,?,"$1,246",-0.18%,24.95%,-25.59%
UR,859,UR,? ,$0.001186,?,"$1,238",-3.11%,0.67%,-31.43%
RUBIT,860,RubleBit,? ,$0.004026,?,"$1,134",-3.38%,-7.66%,-47.28%
XOT,861,Internet of T...,? ,$827.24,?,*,"$1,086",-0.18%,-0.96%
ABC,862,Alphabit,? ,$9.51,?,*,$906,-0.18%,1.80%
9COIN,863,9COIN,? ,$0.001351,?,*,$898,-0.18%,-16.85%
XLC,864,LeviarCoin (P...,? ,$0.055149,?,*,$853,-16.82%,-14.10%
STEX,865,STEX,? ,$0.313124,?,*,$845,2.38%,-16.54%
GARY,866,President Joh...,? ,$0.112974,?,*,$840,-6.21%,-13.09%
FFC,867,FireFlyCoin,? ,$0.000162,?,$831,0.05%,-14.92%,37.75%
UNRC,868,UniversalRoya...,? ,$0.005570,?,*,$822,-0.18%,-10.11%
TERA,869,TeraCoin,? ,$0.001103,?,$818,14.08%,10.06%,-11.60%
CMPCO,870,CampusCoin,? ,$0.000248,?,$794,-0.21%,-7.35%,-25.29%
SLM,871,Slimcoin,? ,$0.013953,?,$791,-27.83%,28.79%,-1.86%
ZSE,872,ZSEcoin,? ,$0.006626,?,$763,-9.73%,-55.12%,-11.78%
GPL,873,Gold Pressed ...,? ,$0.250269,?,$670,-0.18%,-24.61%,25.37%
TCOIN,874,T-coin,? ,$0.000110,?,$581,-0.18%,5.09%,-17.27%
TESLA,875,TeslaCoilCoin,? ,$0.523865,?,*,$574,-0.18%,-1.86%
BURN,876,President San...,? ,$0.000028,?,*,$542,-0.18%,1.81%
LDCN,877,LandCoin,? ,$0.026456,?,*,$526,-4.90%,8.97%
PRES,878,President Trump,? ,$0.005069,?,*,$506,-0.18%,-2.85%
BEST,879,BestChain,? ,$0.001322,?,Low Vol,-4.11%,-12.83%,-27.66%
COUPE,880,Coupecoin,? ,$0.000003,?,*,Low Vol,-3.00%,-35.03%
MONEY,881,MoneyCoin,? ,$0.000058,?,Low Vol,-0.15%,7.69%,12.83%
XDE2,882,XDE II,? ,$1.25,?,*,Low Vol,-0.18%,-8.31%
BRO,883,Bitradio,? ,$0.083138,?,*,Low Vol,-0.18%,-1.76%
LAZ,884,Lazaruscoin,? ,$0.001048,?,*,Low Vol,-20.30%,83.97%
SOUL,885,SoulCoin,? ,$0.000028,?,Low Vol,-50.08%,-16.26%,-28.14%
TELL,886,Tellurion,? ,$0.000110,?,Low Vol,-19.98%,-14.27%,-61.38%
LEPEN,887,LePen,? ,$0.000051,?,*,Low Vol,-0.14%,-14.25%
XBG,888,BTCGold,? ,$0.006535,?,Low Vol,-2.64%,10.63%,-80.13%
HALLO,889,Halloween Coin,? ,$0.000110,?,Low Vol,-1.00%,-18.77%,-27.77%
GUC,890,GoldUnionCoin,? ,$1.96,?,*,Low Vol,-0.18%,-27.71%
SOIL,891,SOILcoin,? ,$0.015295,?,Low Vol,19.66%,-10.78%,-39.62%
PCN,892,PeepCoin,? ,$5e-07,?,*,Low Vol,37.16%,-55.83%
IRL,893,IrishCoin,? ,$0.001434,?,**,Low Vol,-0.18%,1.27%
SAK,894,Sharkcoin,? ,$0.016820,?,Low Vol,-0.87%,-1.93%,-14.79%
WOMEN,895,WomenCoin,? ,$0.006061,?,Low Vol,10.54%,16.81%,-44.85%
TIC,896,True Investme...,? ,$0.003392,?,*,Low Vol,-0.18%,29.90%
GBRC,897,Global Busine...,? ,$0.000055,?,Low Vol,-0.18%,1.82%,-28.89%
ANI,898,Animecoin,? ,$0.000110,?,Low Vol,-0.18%,3.97%,-13.20%
MARX,899,MarxCoin,? ,$0.000689,?,Low Vol,10.83%,22.02%,-20.89%
PI,900,PiCoin,? ,$0.001268,?,Low Vol,-0.18%,134.10%,-48.89%
RHFC,901,RHFCoin,? ,$0.000689,?,*,Low Vol,-0.18%,-0.94%
MEN,902,PeopleCoin,? ,$0.001020,?,Low Vol,-0.21%,27.67%,-13.93%
ACES,903,Aces,? ,$0.000121,?,*,Low Vol,-0.18%,123.34%
ACN,904,Avoncoin,? ,$0.000276,?,*,Low Vol,10.94%,1.81%
ROYAL,905,RoyalCoin,? ,$0.000967,?,Low Vol,-0.90%,-5.74%,-16.95%
CYC,906,Cycling Coin,? ,$0.000634,?,*,Low Vol,-0.18%,6.44%
ANTX,908,Antimatter,? ,$0.000043,?,Low Vol,-0.18%,57.74%,66.47%
OPAL,909,Opal,? ,$0.011530,?,*,Low Vol,-0.17%,3.71%
FAZZ,910,Fazzcoin,? ,$0.003099,?,*,Low Vol,-0.15%,-9.42%
BRAIN,911,Braincoin,? ,$0.012436,?,*,Low Vol,-0.15%,11.99%
EFYT,912,Ergo,? ,$4.85,?,*,Low Vol,-4.00%,-13.14%
SKR,913,Sakuracoin,? ,$0.001013,?,Low Vol,4.05%,-4.19%,-39.52%
SNAKE,914,SnakeEyes,? ,$0.043131,?,*,Low Vol,-0.50%,15.65%
EDRC,915,EDRCoin,? ,$0.019160,?,*,Low Vol,-2.66%,2.79%
DASHS,916,Dashs,? ,$0.019109,?,Low Vol,-0.18%,26.73%,-3.37%
MOTO,917,Motocoin,? ,$0.001860,?,Low Vol,-14.56%,-43.15%,-49.36%
NTCC,918,Neptune Classic,? ,$0.000524,?,Low Vol,-0.18%,-3.07%,-28.67%
TODAY,919,TodayCoin,? ,$0.001848,?,Low Vol,-0.15%,-0.26%,?
AMIS,920,AMIS,? ,$1409.80,?,*,Low Vol,-0.41%,-34.71%
BXC,921,Bitcedi,? ,$0.006204,?,Low Vol,-0.18%,30.90%,-7.54%
RYCN,922,RoyalCoin 2,? ,$0.001131,?,*,Low Vol,-0.18%,-2.92%
IEC,923,IvugeoCoin,? ,$0.052502,?,*,Low Vol,-3.16%,-3.35%
DON,924,Donationcoin,? ,$0.000331,?,**,Low Vol,-0.17%,1.82%
TOPAZ,925,Topaz Coin,? ,$0.093061,?,Low Vol,-3.64%,29.20%,109.33%
VTY,926,Victoriouscoin,? ,$0.000033,?,Low Vol,-0.33%,601.21%,30.64%
BTG,927,Bitgem,? ,$0.644615,?,Low Vol,-0.17%,-53.84%,-54.25%
GSR,928,GeyserCoin,? ,$0.038597,?,Low Vol,27.00%,19.68%,54.30%
SFE,929,SafeCoin,? ,$0.000028,?,Low Vol,-0.18%,1.80%,6.69%
VOYA,930,Voyacoin,? ,$0.828263,?,Low Vol,-5.41%,1.82%,-58.06%
RBBT,931,RabbitCoin,? ,$0.000001,?,Low Vol,-2.33%,-20.08%,-69.83%
SHA,932,SHACoin,? ,$0.000800,?,Low Vol,-0.17%,13.57%,1.16%
LKC,933,LinkedCoin,? ,$0.000110,?,Low Vol,-0.18%,1.81%,-39.05%
TROPTIONS,934,TROPTIONS,? ,$1.22,?,*,Low Vol,-1.68%,5.44%
TLE,935,Tattoocoin (L...,? ,$0.034717,?,*,Low Vol,-0.18%,-14.54%
BLAZR,936,BlazerCoin,? ,$0.000559,?,Low Vol,-0.57%,-0.91%,-1.75%
AXIOM,937,Axiom,? ,$0.005432,?,Low Vol,-0.18%,2.34%,7.21%
CBD,938,CBD Crystals,? ,$0.001186,?,*,Low Vol,-0.18%,32.65%
OPES,939,Opescoin,? ,$0.001241,?,Low Vol,-0.18%,34.75%,3.10%
PAYP,940,PayPeer,? ,$0.000083,?,Low Vol,-0.21%,52.69%,6.70%
ELC,941,Elacoin,? ,$0.085758,?,Low Vol,-0.17%,2.15%,-5.16%
FUTC,942,FutCoin,? ,$0.000689,?,Low Vol,-0.21%,1.79%,105.14%
VGC,943,VegasCoin,? ,$0.000221,?,Low Vol,-0.17%,1.83%,3.35%
BIT,944,First Bitcoin,? ,$0.007638,?,Low Vol,-0.18%,2.56%,-2.48%
EGG,945,EggCoin,? ,$0.010341,?,*,Low Vol,-0.18%,1.82%
MIU,946,MIYUCoin,? ,$0.000028,?,Low Vol,-0.18%,1.81%,6.67%
POKE,947,PokeCoin,? ,$0.000083,?,Low Vol,-0.15%,1.81%,6.67%
WSX,948,WeAreSatoshi,? ,$0.001406,?,Low Vol,-0.18%,-5.59%,-20.47%
HCC,949,Happy Creator...,? ,$0.000106,?,*,Low Vol,-0.18%,6.38%
UNC,950,UNCoin,? ,$0.000028,?,*,Low Vol,-0.17%,1.81%
RMC,951,Remicoin,? ,$0.909967,?,*,Low Vol,-0.18%,67.99%
BGR,952,Bongger,? ,$0.000052,?,Low Vol,-0.46%,?,-11.42%
AIB,953,Advanced Inte...,? ,$0.003364,?,**,Low Vol,-0.18%,2.06%
FONZ,954,Fonziecoin,? ,$0.000303,?,*,Low Vol,9.80%,1.81%
MONETA,955,Moneta,? ,$0.000193,?,Low Vol,-0.18%,1.82%,-2.70%
TURBO,956,TurboCoin,? ,$0.000028,?,*,Low Vol,-0.18%,?
ASC,957,AsicCoin,? ,$0.000129,?,Low Vol,-0.45%,0.80%,-63.04%
XQN,958,Quotient,? ,$0.005101,?,*,Low Vol,-0.15%,45.41%
SKC,959,Skeincoin,? ,$0.002895,?,Low Vol,-0.17%,6.90%,-25.26%
KARMA,960,Karmacoin,? ,$0.000028,?,Low Vol,-0.17%,1.82%,6.67%
MAVRO,961,Mavro,? ,$0.005680,?,Low Vol,-0.18%,4.86%,-1.01%
OCOW,962,OCOW,? ,$0.003033,?,Low Vol,-0.18%,47.36%,-11.88%
DFT,963,DraftCoin,? ,$0.220598,?,*,Low Vol,-0.18%,?
QBT,964,Cubits,? ,$0.001277,?,Low Vol,-0.18%,2.53%,-13.13%
MBL,965,MobileCash,? ,$0.000221,?,Low Vol,-0.18%,1.80%,-14.67%
DISK,966,DarkLisk,? ,$0.000551,?,Low Vol,-0.18%,1.81%,7.77%
TRICK,967,TrickyCoin,? ,$0.003337,?,Low Vol,-0.15%,-1.44%,-32.17%
XVE,968,The Vegan Ini...,? ,$0.000193,?,*,Low Vol,-0.18%,1.31%
XSTC,969,Safe Trade Coin,? ,$0.000110,?,*,Low Vol,-0.18%,307.28%
BAC,970,BitAlphaCoin,? ,$0.001848,?,Low Vol,-0.17%,1.81%,16.10%
OMC,971,Omicron,? ,$0.138425,?,*,Low Vol,-0.18%,1.82%
QBC,972,Quebecoin,? ,$0.000662,?,Low Vol,-0.18%,6.25%,-6.41%
GMX,973,GoldMaxCoin,? ,$0.000579,?,*,Low Vol,-0.18%,?
GOLF,974,Golfcoin,? ,$0.000028,?,Low Vol,-0.15%,1.81%,7.69%
SPORT,975,SportsCoin,? ,$0.000717,?,*,Low Vol,-0.17%,-33.82%
COXST,977,CoExistCoin,? ,$0.000717,?,*,Low Vol,-0.15%,-26.47%
PRM,978,PrismChain,? ,$0.000524,?,*,Low Vol,-0.18%,1.81%
YES,979,Yescoin,? ,$0.000008,?,Low Vol,4.11%,-58.26%,-54.68%
WOW,981,Wowcoin,? ,$0.000036,?,Low Vol,-0.34%,-34.23%,-39.75%
MMXVI,982,MMXVI,? ,$0.001710,?,Low Vol,-0.18%,1.81%,-16.29%
DBG,983,Digital Bulli...,? ,$0.001820,?,*,Low Vol,-0.15%,1.81%
FRWC,984,FrankyWillCoin,? ,$0.000910,?,Low Vol,-0.18%,1.82%,-16.19%
RCN,985,Rcoin,? ,$0.000028,?,Low Vol,-0.18%,?,-16.05%
PDG,986,PinkDog,? ,$0.000055,?,Low Vol,-0.18%,103.62%,6.67%
CC,987,CyberCoin,? ,$0.000055,?,*,Low Vol,-0.17%,?
DUB,988,Dubstep,? ,$0.001130,?,*,Low Vol,-0.21%,?
DCRE,989,DeltaCredits,? ,$0.064991,?,*,Low Vol,?,0.78%
YOG,990,Yogold,? ,$0.038635,?,*,Low Vol,-0.17%,1.86%
IVZ,991,InvisibleCoin,? ,$0.274491,?,*,Low Vol,?,1.33%
SYNC,992,Sync,? ,$129.33,?,*,Low Vol,?,?
STRB,993,SuperTurboStake,? ,$0.000027,?,*,Low Vol,?,0.40%
PSY,994,Psilocybin,? ,$0.006877,?,Low Vol,?,?,?
NBIT,995,netBit,? ,$0.013621,?,*,Low Vol,?,1.20%
QRZ,997,Quartz,? ,$0.000026,?,*,Low Vol,?,?
ELCO,999,ELcoin,? ,$8.21,?,*,Low Vol,?,?
CLINT,1000,Clinton,? ,$0.003259,?,*,Low Vol,?,0.29%
NBE,1001,BitCentavo,? ,$0.000008,?,Low Vol,?,7.01%,61.43%
CME,1002,Cashme,? ,$0.000027,?,**,Low Vol,?,0.96%
CHEAP,1003,Cheapcoin,? ,$0.000055,?,*,Low Vol,?,1.22%
OP,1004,Operand,? ,$0.000496,?,*,Low Vol,-0.20%,2.33%
TEAM,1005,TeamUp,? ,$0.000055,?,*,Low Vol,?,1.02%
GMB,1006,Gambleo,? ,$0.000895,?,*,Low Vol,?,?
HILL,1007,President Cli...,? ,$0.000027,?,*,Low Vol,?,?
XAU,1008,Xaucoin,? ,$0.012518,?,Low Vol,0.03%,2.06%,3.81%
NANOX,1009,Project-X,? ,"$190,281",?,*,Low Vol,-0.17%,-9.60%
X2,1010,X2,? ,$0.000055,?,*,Low Vol,?,1.35%
TP1,1011,KolschCoin,? ,$0.024731,?,Low Vol,?,?,-22.67%
LTH,1012,LAthaan,? ,$0.000192,?,Low Vol,?,1.31%,-16.78%
TCR,1013,TheCreed,? ,$0.000192,?,Low Vol,?,1.14%,11.43%
RICHX,1014,RichCoin,? ,$0.004373,?,Low Vol,?,0.29%,6.17%
GML,1015,GameLeagueCoin,? ,$0.002991,?,*,Low Vol,?,1.31%
MRC,1016,microCoin,? ,$0.000027,?,*,Low Vol,?,?
GAIN,1017,UGAIN,? ,$0.000332,?,Low Vol,0.00%,6.34%,-32.59%
BUK,1018,CryptoBuck,? ,$0.044460,?,?,?,?,-14.70%
QORA,1019,Qora,? ,$0.163064,?,*,?,-0.02%,0.89%
OCT,1020,OracleChain,? ,$0.177213,?,*,?,-0.03%,0.52%
REGA,1021,Regacoin,? ,?,?,?,?,?,?
BTWTY,1022,Bit20,? ,$98961.30,?,*,?,-0.07%,0.97%
ZENGOLD,1023,ZenGold,? ,$0.049084,?,*,?,?,?
CVCOIN,1024,CVCoin,? ,$0.332067,?,*,?,-0.05%,2.13%
WARRANT,1025,OBITS.WARRANT,? ,$0.563904,?,*,?,?,?
